mean_fit_time,std_fit_time,mean_score_time,std_score_time,param_activation,param_alpha,param_batch_size,param_hidden_layer_sizes,param_learning_rate,param_max_iter,param_solver,params,split0_test_score,split1_test_score,split2_test_score,split3_test_score,split4_test_score,mean_test_score,std_test_score,rank_test_score
17.02793154716492,2.536907624008201,0.05798192024230957,0.024910335241668222,tanh,0.0001,64,"(100,)",constant,30,adam,"{'activation': 'tanh', 'alpha': 0.0001, 'batch_size': 64, 'hidden_layer_sizes': (100,), 'learning_rate': 'constant', 'max_iter': 30, 'solver': 'adam'}",0.9989806320081549,0.999433684448975,0.9994903160040775,0.999433684448975,0.9991504785637424,0.9992977590947849,0.0001981366755743509,1
15.811762762069701,3.404027268281897,0.04776930809020996,0.019764482152081524,tanh,0.0001,64,"(100,)",adaptive,30,adam,"{'activation': 'tanh', 'alpha': 0.0001, 'batch_size': 64, 'hidden_layer_sizes': (100,), 'learning_rate': 'adaptive', 'max_iter': 30, 'solver': 'adam'}",0.9989806320081549,0.999433684448975,0.9994903160040775,0.999433684448975,0.9991504785637424,0.9992977590947849,0.0001981366755743509,1
12.491956281661988,0.9515606016832621,0.015160322189331055,0.0011775633177207388,relu,0.0001,64,"(50,)",adaptive,30,adam,"{'activation': 'relu', 'alpha': 0.0001, 'batch_size': 64, 'hidden_layer_sizes': (50,), 'learning_rate': 'adaptive', 'max_iter': 30, 'solver': 'adam'}",0.9986974742326424,0.99909389511836,0.9993770528938725,0.9997168422244875,0.9993203828509939,0.9992411294640713,0.00033713435652494856,3
12.13561782836914,0.8512417203500294,0.014136075973510742,0.0007417104742503286,relu,0.0001,64,"(50,)",constant,30,adam,"{'activation': 'relu', 'alpha': 0.0001, 'batch_size': 64, 'hidden_layer_sizes': (50,), 'learning_rate': 'constant', 'max_iter': 30, 'solver': 'adam'}",0.9986974742326424,0.99909389511836,0.9993770528938725,0.9997168422244875,0.9993203828509939,0.9992411294640713,0.00033713435652494856,3
14.837843656539917,0.9946921683724339,0.026009654998779295,0.0032860271530717336,relu,0.0001,64,"(100,)",constant,30,adam,"{'activation': 'relu', 'alpha': 0.0001, 'batch_size': 64, 'hidden_layer_sizes': (100,), 'learning_rate': 'constant', 'max_iter': 30, 'solver': 'adam'}",0.9989240004530524,0.9994903160040775,0.999207158228565,0.99932042133877,0.9992637480885768,0.9992411288226084,0.00018472552057448625,5
15.952722883224487,1.4873350964401242,0.023932409286499024,0.0027041458003075414,relu,0.0001,64,"(100,)",adaptive,30,adam,"{'activation': 'relu', 'alpha': 0.0001, 'batch_size': 64, 'hidden_layer_sizes': (100,), 'learning_rate': 'adaptive', 'max_iter': 30, 'solver': 'adam'}",0.9989240004530524,0.9994903160040775,0.999207158228565,0.99932042133877,0.9992637480885768,0.9992411288226084,0.00018472552057448625,5
22.40299048423767,3.2702131647656145,0.016237258911132812,0.0010746753883511644,relu,0.0001,32,"(50,)",adaptive,30,adam,"{'activation': 'relu', 'alpha': 0.0001, 'batch_size': 32, 'hidden_layer_sizes': (50,), 'learning_rate': 'adaptive', 'max_iter': 30, 'solver': 'adam'}",0.9986408426775399,0.99909389511836,0.9995469475591799,0.9992637897836675,0.9995469219006626,0.999218479407882,0.00033675043134963665,7
17.299537229537965,2.3192083462261395,0.015461540222167969,0.0012742429151680603,relu,0.0001,32,"(50,)",constant,30,adam,"{'activation': 'relu', 'alpha': 0.0001, 'batch_size': 32, 'hidden_layer_sizes': (50,), 'learning_rate': 'constant', 'max_iter': 30, 'solver': 'adam'}",0.9986408426775399,0.99909389511836,0.9995469475591799,0.9992637897836675,0.9995469219006626,0.999218479407882,0.00033675043134963665,7
13.323247623443603,1.6585942709699713,0.03030543327331543,0.012400371720981782,tanh,0.0001,64,"(50,)",adaptive,30,adam,"{'activation': 'tanh', 'alpha': 0.0001, 'batch_size': 64, 'hidden_layer_sizes': (50,), 'learning_rate': 'adaptive', 'max_iter': 30, 'solver': 'adam'}",0.998527579567335,0.99909389511836,0.9993770528938725,0.9997168422244875,0.9993203828509939,0.9992071505310097,0.00039398413083776125,9
13.029164552688599,1.29844004670421,0.028464317321777344,0.013095923185070522,tanh,0.0001,64,"(50,)",constant,30,adam,"{'activation': 'tanh', 'alpha': 0.0001, 'batch_size': 64, 'hidden_layer_sizes': (50,), 'learning_rate': 'constant', 'max_iter': 30, 'solver': 'adam'}",0.998527579567335,0.99909389511836,0.9993770528938725,0.9997168422244875,0.9993203828509939,0.9992071505310097,0.00039398413083776125,9
15.971948957443237,1.71449048592158,0.022537899017333985,0.0012562455467234402,relu,0.0001,64,"(100,)",constant,90,adam,"{'activation': 'relu', 'alpha': 0.0001, 'batch_size': 64, 'hidden_layer_sizes': (100,), 'learning_rate': 'constant', 'max_iter': 90, 'solver': 'adam'}",0.9988673688979499,0.9994903160040775,0.9992637897836675,0.99932042133877,0.9990938438013253,0.999207147965158,0.00021190136341874585,11
15.183889055252076,2.641896159051133,0.021713638305664064,0.0015175991995879997,relu,0.0001,64,"(100,)",adaptive,60,adam,"{'activation': 'relu', 'alpha': 0.0001, 'batch_size': 64, 'hidden_layer_sizes': (100,), 'learning_rate': 'adaptive', 'max_iter': 60, 'solver': 'adam'}",0.9988673688979499,0.9994903160040775,0.9992637897836675,0.99932042133877,0.9990938438013253,0.999207147965158,0.00021190136341874585,11
16.38317756652832,2.8851317903209863,0.022978687286376955,0.002692500130370839,relu,0.0001,64,"(100,)",adaptive,90,adam,"{'activation': 'relu', 'alpha': 0.0001, 'batch_size': 64, 'hidden_layer_sizes': (100,), 'learning_rate': 'adaptive', 'max_iter': 90, 'solver': 'adam'}",0.9988673688979499,0.9994903160040775,0.9992637897836675,0.99932042133877,0.9990938438013253,0.999207147965158,0.00021190136341874585,11
15.390373611450196,1.4056694336444107,0.022130393981933595,0.0010961571091477609,relu,0.0001,64,"(100,)",constant,60,adam,"{'activation': 'relu', 'alpha': 0.0001, 'batch_size': 64, 'hidden_layer_sizes': (100,), 'learning_rate': 'constant', 'max_iter': 60, 'solver': 'adam'}",0.9988673688979499,0.9994903160040775,0.9992637897836675,0.99932042133877,0.9990938438013253,0.999207147965158,0.00021190136341874585,11
134.07983264923095,34.56377598673708,0.1252272129058838,0.029036436968956147,relu,0.0001,16,"(50, 50)",adaptive,60,adam,"{'activation': 'relu', 'alpha': 0.0001, 'batch_size': 16, 'hidden_layer_sizes': (50, 50), 'learning_rate': 'adaptive', 'max_iter': 60, 'solver': 'adam'}",0.99909389511836,0.9991505266734625,0.99932042133877,0.999207158228565,0.9991504785637424,0.9991844959845799,7.682303715964309e-05,15
134.3379918575287,21.195097054299637,0.2639302730560303,0.15451392553194365,relu,0.0001,16,"(50, 50)",constant,60,adam,"{'activation': 'relu', 'alpha': 0.0001, 'batch_size': 16, 'hidden_layer_sizes': (50, 50), 'learning_rate': 'constant', 'max_iter': 60, 'solver': 'adam'}",0.99909389511836,0.9991505266734625,0.99932042133877,0.999207158228565,0.9991504785637424,0.9991844959845799,7.682303715964309e-05,15
147.6668126106262,22.392921616859653,0.22169299125671388,0.1098676618367056,relu,0.0001,16,"(50, 50)",adaptive,90,adam,"{'activation': 'relu', 'alpha': 0.0001, 'batch_size': 16, 'hidden_layer_sizes': (50, 50), 'learning_rate': 'adaptive', 'max_iter': 90, 'solver': 'adam'}",0.99909389511836,0.9991505266734625,0.99932042133877,0.999207158228565,0.9991504785637424,0.9991844959845799,7.682303715964309e-05,15
116.46871018409729,12.52876337733723,0.1424853801727295,0.03490202298955791,relu,0.0001,16,"(50, 50)",constant,90,adam,"{'activation': 'relu', 'alpha': 0.0001, 'batch_size': 16, 'hidden_layer_sizes': (50, 50), 'learning_rate': 'constant', 'max_iter': 90, 'solver': 'adam'}",0.99909389511836,0.9991505266734625,0.99932042133877,0.999207158228565,0.9991504785637424,0.9991844959845799,7.682303715964309e-05,15
18.250574016571044,4.771055825064672,0.040303516387939456,0.0028030303715860312,tanh,0.0001,64,"(100,)",adaptive,90,adam,"{'activation': 'tanh', 'alpha': 0.0001, 'batch_size': 64, 'hidden_layer_sizes': (100,), 'learning_rate': 'adaptive', 'max_iter': 90, 'solver': 'adam'}",0.9989806320081549,0.99932042133877,0.9991505266734625,0.999433684448975,0.9989805742764909,0.9991731677491706,0.00018123324536263547,19
19.85323534011841,2.938316236915476,0.06441864967346192,0.026575742487001876,tanh,0.0001,64,"(100,)",adaptive,60,adam,"{'activation': 'tanh', 'alpha': 0.0001, 'batch_size': 64, 'hidden_layer_sizes': (100,), 'learning_rate': 'adaptive', 'max_iter': 60, 'solver': 'adam'}",0.9989806320081549,0.99932042133877,0.9991505266734625,0.999433684448975,0.9989805742764909,0.9991731677491706,0.00018123324536263547,19
19.186954736709595,4.590247570736572,0.05058364868164063,0.025436642372617776,tanh,0.0001,64,"(100,)",constant,90,adam,"{'activation': 'tanh', 'alpha': 0.0001, 'batch_size': 64, 'hidden_layer_sizes': (100,), 'learning_rate': 'constant', 'max_iter': 90, 'solver': 'adam'}",0.9989806320081549,0.99932042133877,0.9991505266734625,0.999433684448975,0.9989805742764909,0.9991731677491706,0.00018123324536263547,19
18.782639837265016,4.970972111044377,0.04531946182250977,0.009203080873942499,tanh,0.0001,64,"(100,)",constant,60,adam,"{'activation': 'tanh', 'alpha': 0.0001, 'batch_size': 64, 'hidden_layer_sizes': (100,), 'learning_rate': 'constant', 'max_iter': 60, 'solver': 'adam'}",0.9989806320081549,0.99932042133877,0.9991505266734625,0.999433684448975,0.9989805742764909,0.9991731677491706,0.00018123324536263547,19
13.509796810150146,1.7079623407695312,0.016689014434814454,0.0017142702729193693,relu,0.0001,64,"(50,)",adaptive,90,adam,"{'activation': 'relu', 'alpha': 0.0001, 'batch_size': 64, 'hidden_layer_sizes': (50,), 'learning_rate': 'adaptive', 'max_iter': 90, 'solver': 'adam'}",0.9986974742326424,0.999207158228565,0.9993770528938725,0.9991505266734625,0.9993770176134111,0.9991618459283906,0.0002491727488782574,23
13.663609218597411,2.0599245956493486,0.015025615692138672,0.0008999594919635609,relu,0.0001,64,"(50,)",adaptive,60,adam,"{'activation': 'relu', 'alpha': 0.0001, 'batch_size': 64, 'hidden_layer_sizes': (50,), 'learning_rate': 'adaptive', 'max_iter': 60, 'solver': 'adam'}",0.9986974742326424,0.999207158228565,0.9993770528938725,0.9991505266734625,0.9993770176134111,0.9991618459283906,0.0002491727488782574,23
12.491819953918457,1.6946333940609464,0.013677167892456054,0.00042740365512028357,relu,0.0001,64,"(50,)",constant,60,adam,"{'activation': 'relu', 'alpha': 0.0001, 'batch_size': 64, 'hidden_layer_sizes': (50,), 'learning_rate': 'constant', 'max_iter': 60, 'solver': 'adam'}",0.9986974742326424,0.999207158228565,0.9993770528938725,0.9991505266734625,0.9993770176134111,0.9991618459283906,0.0002491727488782574,23
13.146256256103516,1.4739889032986428,0.01622166633605957,0.003963794268785375,relu,0.0001,64,"(50,)",constant,90,adam,"{'activation': 'relu', 'alpha': 0.0001, 'batch_size': 64, 'hidden_layer_sizes': (50,), 'learning_rate': 'constant', 'max_iter': 90, 'solver': 'adam'}",0.9986974742326424,0.999207158228565,0.9993770528938725,0.9991505266734625,0.9993770176134111,0.9991618459283906,0.0002491727488782574,23
22.11877336502075,1.9929836299877015,0.06661524772644042,0.0029100204049312297,tanh,0.001,64,"(100,)",constant,30,adam,"{'activation': 'tanh', 'alpha': 0.001, 'batch_size': 64, 'hidden_layer_sizes': (100,), 'learning_rate': 'constant', 'max_iter': 30, 'solver': 'adam'}",0.9988107373428474,0.99932042133877,0.99909389511836,0.999207158228565,0.9993203828509939,0.9991505189759072,0.00018951853382492639,27
20.83791003227234,2.9246000057507455,0.07184162139892578,0.009545997521847434,tanh,0.001,64,"(100,)",adaptive,30,adam,"{'activation': 'tanh', 'alpha': 0.001, 'batch_size': 64, 'hidden_layer_sizes': (100,), 'learning_rate': 'adaptive', 'max_iter': 30, 'solver': 'adam'}",0.9988107373428474,0.99932042133877,0.99909389511836,0.999207158228565,0.9993203828509939,0.9991505189759072,0.00018951853382492639,27
19.738462066650392,4.6724688995399015,0.014733362197875976,0.0012404382700708406,relu,0.0001,32,"(50,)",adaptive,90,adam,"{'activation': 'relu', 'alpha': 0.0001, 'batch_size': 32, 'hidden_layer_sizes': (50,), 'learning_rate': 'adaptive', 'max_iter': 90, 'solver': 'adam'}",0.9986408426775399,0.99909389511836,0.9995469475591799,0.9992637897836675,0.9992071133261596,0.9991505176929814,0.00029535233480013073,29
20.55419306755066,2.9243661112961976,0.0149322509765625,0.0011170243865891787,relu,0.0001,32,"(50,)",adaptive,60,adam,"{'activation': 'relu', 'alpha': 0.0001, 'batch_size': 32, 'hidden_layer_sizes': (50,), 'learning_rate': 'adaptive', 'max_iter': 60, 'solver': 'adam'}",0.9986408426775399,0.99909389511836,0.9995469475591799,0.9992637897836675,0.9992071133261596,0.9991505176929814,0.00029535233480013073,29
24.108092641830446,7.67321261202895,0.020964574813842774,0.013834566545428244,relu,0.0001,32,"(50,)",constant,90,adam,"{'activation': 'relu', 'alpha': 0.0001, 'batch_size': 32, 'hidden_layer_sizes': (50,), 'learning_rate': 'constant', 'max_iter': 90, 'solver': 'adam'}",0.9986408426775399,0.99909389511836,0.9995469475591799,0.9992637897836675,0.9992071133261596,0.9991505176929814,0.00029535233480013073,29
19.3766836643219,7.907770337044464,0.014322185516357422,0.000596150248072285,relu,0.0001,32,"(50,)",constant,60,adam,"{'activation': 'relu', 'alpha': 0.0001, 'batch_size': 32, 'hidden_layer_sizes': (50,), 'learning_rate': 'constant', 'max_iter': 60, 'solver': 'adam'}",0.9986408426775399,0.99909389511836,0.9995469475591799,0.9992637897836675,0.9992071133261596,0.9991505176929814,0.00029535233480013073,29
55.012679195404054,4.864617236566641,0.12249221801757812,0.052991360531568714,relu,0.0001,32,"(50, 50)",adaptive,30,adam,"{'activation': 'relu', 'alpha': 0.0001, 'batch_size': 32, 'hidden_layer_sizes': (50, 50), 'learning_rate': 'adaptive', 'max_iter': 30, 'solver': 'adam'}",0.9989240004530524,0.999207158228565,0.9994903160040775,0.9991505266734625,0.9989239395140738,0.9991391881746463,0.0002100842610902516,33
54.61404066085815,10.733337742367933,0.09842376708984375,0.016150767160253408,relu,0.0001,32,"(50, 50)",constant,30,adam,"{'activation': 'relu', 'alpha': 0.0001, 'batch_size': 32, 'hidden_layer_sizes': (50, 50), 'learning_rate': 'constant', 'max_iter': 30, 'solver': 'adam'}",0.9989240004530524,0.999207158228565,0.9994903160040775,0.9991505266734625,0.9989239395140738,0.9991391881746463,0.0002100842610902516,33
31.37665162086487,5.373857002514801,0.14374384880065919,0.04272944726109265,relu,0.001,64,"(50, 50)",adaptive,30,adam,"{'activation': 'relu', 'alpha': 0.001, 'batch_size': 64, 'hidden_layer_sizes': (50, 50), 'learning_rate': 'adaptive', 'max_iter': 30, 'solver': 'adam'}",0.9989806320081549,0.9992637897836675,0.9994903160040775,0.9988673688979499,0.9990372090389081,0.9991278631465516,0.00022253114546375903,35
31.82342939376831,4.14108477818871,0.11368794441223144,0.036174550016164896,relu,0.001,64,"(50, 50)",constant,30,adam,"{'activation': 'relu', 'alpha': 0.001, 'batch_size': 64, 'hidden_layer_sizes': (50, 50), 'learning_rate': 'constant', 'max_iter': 30, 'solver': 'adam'}",0.9989806320081549,0.9992637897836675,0.9994903160040775,0.9988673688979499,0.9990372090389081,0.9991278631465516,0.00022253114546375903,35
15.12646255493164,1.6406270850243745,0.02904477119445801,0.012793652831863404,tanh,0.0001,64,"(50,)",adaptive,90,adam,"{'activation': 'tanh', 'alpha': 0.0001, 'batch_size': 64, 'hidden_layer_sizes': (50,), 'learning_rate': 'adaptive', 'max_iter': 90, 'solver': 'adam'}",0.998527579567335,0.9992637897836675,0.9993770528938725,0.99909389511836,0.9993203828509939,0.9991165400428457,0.00030935046677667077,37
14.664047479629517,3.071708687866786,0.024915409088134766,0.0029478651628522404,tanh,0.0001,64,"(50,)",adaptive,60,adam,"{'activation': 'tanh', 'alpha': 0.0001, 'batch_size': 64, 'hidden_layer_sizes': (50,), 'learning_rate': 'adaptive', 'max_iter': 60, 'solver': 'adam'}",0.998527579567335,0.9992637897836675,0.9993770528938725,0.99909389511836,0.9993203828509939,0.9991165400428457,0.00030935046677667077,37
15.299117231369019,3.1570749356824606,0.03148531913757324,0.013062582537242405,tanh,0.0001,64,"(50,)",constant,60,adam,"{'activation': 'tanh', 'alpha': 0.0001, 'batch_size': 64, 'hidden_layer_sizes': (50,), 'learning_rate': 'constant', 'max_iter': 60, 'solver': 'adam'}",0.998527579567335,0.9992637897836675,0.9993770528938725,0.99909389511836,0.9993203828509939,0.9991165400428457,0.00030935046677667077,37
16.156224966049194,3.9158572433032943,0.02935500144958496,0.01154666929508328,tanh,0.0001,64,"(50,)",constant,90,adam,"{'activation': 'tanh', 'alpha': 0.0001, 'batch_size': 64, 'hidden_layer_sizes': (50,), 'learning_rate': 'constant', 'max_iter': 90, 'solver': 'adam'}",0.998527579567335,0.9992637897836675,0.9993770528938725,0.99909389511836,0.9993203828509939,0.9991165400428457,0.00030935046677667077,37
28.15249252319336,5.4025507878230306,0.053137922286987306,0.02653936480835534,tanh,0.0001,32,"(100,)",constant,60,adam,"{'activation': 'tanh', 'alpha': 0.0001, 'batch_size': 32, 'hidden_layer_sizes': (100,), 'learning_rate': 'constant', 'max_iter': 60, 'solver': 'adam'}",0.9994903160040775,0.999207158228565,0.9988107373428474,0.9988673688979499,0.9992071133261596,0.9991165387599198,0.0002496898857361765,41
28.510748958587648,6.739469719855901,0.05025787353515625,0.027082192637380716,tanh,0.0001,32,"(100,)",adaptive,90,adam,"{'activation': 'tanh', 'alpha': 0.0001, 'batch_size': 32, 'hidden_layer_sizes': (100,), 'learning_rate': 'adaptive', 'max_iter': 90, 'solver': 'adam'}",0.9994903160040775,0.999207158228565,0.9988107373428474,0.9988673688979499,0.9992071133261596,0.9991165387599198,0.0002496898857361765,41
28.063636589050294,8.150229700596745,0.03743739128112793,0.001868242529831417,tanh,0.0001,32,"(100,)",adaptive,60,adam,"{'activation': 'tanh', 'alpha': 0.0001, 'batch_size': 32, 'hidden_layer_sizes': (100,), 'learning_rate': 'adaptive', 'max_iter': 60, 'solver': 'adam'}",0.9994903160040775,0.999207158228565,0.9988107373428474,0.9988673688979499,0.9992071133261596,0.9991165387599198,0.0002496898857361765,41
27.30515389442444,5.829919852163085,0.043726348876953126,0.011936894520769847,tanh,0.0001,32,"(100,)",constant,90,adam,"{'activation': 'tanh', 'alpha': 0.0001, 'batch_size': 32, 'hidden_layer_sizes': (100,), 'learning_rate': 'constant', 'max_iter': 90, 'solver': 'adam'}",0.9994903160040775,0.999207158228565,0.9988107373428474,0.9988673688979499,0.9992071133261596,0.9991165387599198,0.0002496898857361765,41
71.33747110366821,6.779183792464995,0.21829257011413575,0.09355615853006183,relu,0.0001,32,"(50, 50)",constant,90,adam,"{'activation': 'relu', 'alpha': 0.0001, 'batch_size': 32, 'hidden_layer_sizes': (50, 50), 'learning_rate': 'constant', 'max_iter': 90, 'solver': 'adam'}",0.999207158228565,0.999207158228565,0.999207158228565,0.9989240004530524,0.9990372090389081,0.9991165368355311,0.00011661892515474577,45
70.56017651557923,10.126187174455238,0.09235601425170899,0.007325558487728839,relu,0.0001,32,"(50, 50)",adaptive,60,adam,"{'activation': 'relu', 'alpha': 0.0001, 'batch_size': 32, 'hidden_layer_sizes': (50, 50), 'learning_rate': 'adaptive', 'max_iter': 60, 'solver': 'adam'}",0.999207158228565,0.999207158228565,0.999207158228565,0.9989240004530524,0.9990372090389081,0.9991165368355311,0.00011661892515474577,45
69.61068987846375,6.779218933866214,0.1781224250793457,0.10770795425657897,relu,0.0001,32,"(50, 50)",adaptive,90,adam,"{'activation': 'relu', 'alpha': 0.0001, 'batch_size': 32, 'hidden_layer_sizes': (50, 50), 'learning_rate': 'adaptive', 'max_iter': 90, 'solver': 'adam'}",0.999207158228565,0.999207158228565,0.999207158228565,0.9989240004530524,0.9990372090389081,0.9991165368355311,0.00011661892515474577,45
73.52881231307984,11.972050398458492,0.1307596206665039,0.06961243883748554,relu,0.0001,32,"(50, 50)",constant,60,adam,"{'activation': 'relu', 'alpha': 0.0001, 'batch_size': 32, 'hidden_layer_sizes': (50, 50), 'learning_rate': 'constant', 'max_iter': 60, 'solver': 'adam'}",0.999207158228565,0.999207158228565,0.999207158228565,0.9989240004530524,0.9990372090389081,0.9991165368355311,0.00011661892515474577,45
35.2828369140625,1.171100530430355,0.08755512237548828,0.013068578376945481,tanh,0.001,64,"(50, 50)",constant,30,adam,"{'activation': 'tanh', 'alpha': 0.001, 'batch_size': 64, 'hidden_layer_sizes': (50, 50), 'learning_rate': 'constant', 'max_iter': 30, 'solver': 'adam'}",0.9988673688979499,0.9992637897836675,0.9994903160040775,0.9989806320081549,0.9989805742764909,0.999116536194068,0.0002282257208359196,49
33.20794987678528,3.116823359293956,0.08152785301208496,0.009533268063637851,tanh,0.001,64,"(50, 50)",adaptive,30,adam,"{'activation': 'tanh', 'alpha': 0.001, 'batch_size': 64, 'hidden_layer_sizes': (50, 50), 'learning_rate': 'adaptive', 'max_iter': 30, 'solver': 'adam'}",0.9988673688979499,0.9992637897836675,0.9994903160040775,0.9989806320081549,0.9989805742764909,0.999116536194068,0.0002282257208359196,49
23.384401845932008,5.687102360577896,0.07127461433410645,0.005436786349121284,tanh,0.001,64,"(100,)",adaptive,90,adam,"{'activation': 'tanh', 'alpha': 0.001, 'batch_size': 64, 'hidden_layer_sizes': (100,), 'learning_rate': 'adaptive', 'max_iter': 90, 'solver': 'adam'}",0.9988107373428474,0.9990372635632574,0.99909389511836,0.999207158228565,0.9993203828509939,0.9990938874208048,0.000171761860572863,51
23.114993619918824,4.890899988337083,0.07736916542053222,0.00827971622994998,tanh,0.001,64,"(100,)",constant,90,adam,"{'activation': 'tanh', 'alpha': 0.001, 'batch_size': 64, 'hidden_layer_sizes': (100,), 'learning_rate': 'constant', 'max_iter': 90, 'solver': 'adam'}",0.9988107373428474,0.9990372635632574,0.99909389511836,0.999207158228565,0.9993203828509939,0.9990938874208048,0.000171761860572863,51
21.945670700073244,3.917129546523499,0.07535548210144043,0.008703030861215667,tanh,0.001,64,"(100,)",constant,60,adam,"{'activation': 'tanh', 'alpha': 0.001, 'batch_size': 64, 'hidden_layer_sizes': (100,), 'learning_rate': 'constant', 'max_iter': 60, 'solver': 'adam'}",0.9988107373428474,0.9990372635632574,0.99909389511836,0.999207158228565,0.9993203828509939,0.9990938874208048,0.000171761860572863,51
23.304467630386352,4.123037573705955,0.06800985336303711,0.005173496045187433,tanh,0.001,64,"(100,)",adaptive,60,adam,"{'activation': 'tanh', 'alpha': 0.001, 'batch_size': 64, 'hidden_layer_sizes': (100,), 'learning_rate': 'adaptive', 'max_iter': 60, 'solver': 'adam'}",0.9988107373428474,0.9990372635632574,0.99909389511836,0.999207158228565,0.9993203828509939,0.9990938874208048,0.000171761860572863,51
13.115741968154907,1.2495446141079027,0.02582659721374512,0.003976559846463491,relu,0.001,64,"(100,)",constant,90,adam,"{'activation': 'relu', 'alpha': 0.001, 'batch_size': 64, 'hidden_layer_sizes': (100,), 'learning_rate': 'constant', 'max_iter': 90, 'solver': 'adam'}",0.9987541057877449,0.99932042133877,0.9991505266734625,0.9989806320081549,0.9992637480885768,0.9990938867793417,0.0002057457722741759,55
13.07236647605896,1.2515736687885037,0.026177406311035156,0.005317125949633693,relu,0.001,64,"(100,)",adaptive,30,adam,"{'activation': 'relu', 'alpha': 0.001, 'batch_size': 64, 'hidden_layer_sizes': (100,), 'learning_rate': 'adaptive', 'max_iter': 30, 'solver': 'adam'}",0.9987541057877449,0.99932042133877,0.9991505266734625,0.9989806320081549,0.9992637480885768,0.9990938867793417,0.0002057457722741759,55
12.968097496032716,1.2458342503727216,0.024541091918945313,0.0019043883800204757,relu,0.001,64,"(100,)",constant,60,adam,"{'activation': 'relu', 'alpha': 0.001, 'batch_size': 64, 'hidden_layer_sizes': (100,), 'learning_rate': 'constant', 'max_iter': 60, 'solver': 'adam'}",0.9987541057877449,0.99932042133877,0.9991505266734625,0.9989806320081549,0.9992637480885768,0.9990938867793417,0.0002057457722741759,55
13.994553089141846,1.3789458033117024,0.024992895126342774,0.0025858934633834416,relu,0.001,64,"(100,)",adaptive,90,adam,"{'activation': 'relu', 'alpha': 0.001, 'batch_size': 64, 'hidden_layer_sizes': (100,), 'learning_rate': 'adaptive', 'max_iter': 90, 'solver': 'adam'}",0.9987541057877449,0.99932042133877,0.9991505266734625,0.9989806320081549,0.9992637480885768,0.9990938867793417,0.0002057457722741759,55
13.188612461090088,1.655111363242804,0.026141548156738283,0.0016855042727194774,relu,0.001,64,"(100,)",adaptive,60,adam,"{'activation': 'relu', 'alpha': 0.001, 'batch_size': 64, 'hidden_layer_sizes': (100,), 'learning_rate': 'adaptive', 'max_iter': 60, 'solver': 'adam'}",0.9987541057877449,0.99932042133877,0.9991505266734625,0.9989806320081549,0.9992637480885768,0.9990938867793417,0.0002057457722741759,55
12.705630350112916,1.4137363485382646,0.02811284065246582,0.007161528939336569,relu,0.001,64,"(100,)",constant,30,adam,"{'activation': 'relu', 'alpha': 0.001, 'batch_size': 64, 'hidden_layer_sizes': (100,), 'learning_rate': 'constant', 'max_iter': 30, 'solver': 'adam'}",0.9987541057877449,0.99932042133877,0.9991505266734625,0.9989806320081549,0.9992637480885768,0.9990938867793417,0.0002057457722741759,55
26.546761178970335,3.557066388806036,0.03665609359741211,0.0006783589789055339,tanh,0.0001,32,"(100,)",constant,30,adam,"{'activation': 'tanh', 'alpha': 0.0001, 'batch_size': 32, 'hidden_layer_sizes': (100,), 'learning_rate': 'constant', 'max_iter': 30, 'solver': 'adam'}",0.999207158228565,0.99932042133877,0.9988107373428474,0.9988673688979499,0.9992071133261596,0.9990825598268585,0.00020386811101458328,61
25.311754846572875,3.286359242606596,0.050836181640625,0.01632663197978256,tanh,0.0001,32,"(100,)",adaptive,30,adam,"{'activation': 'tanh', 'alpha': 0.0001, 'batch_size': 32, 'hidden_layer_sizes': (100,), 'learning_rate': 'adaptive', 'max_iter': 30, 'solver': 'adam'}",0.999207158228565,0.99932042133877,0.9988107373428474,0.9988673688979499,0.9992071133261596,0.9990825598268585,0.00020386811101458328,61
26.58019976615906,6.010873559199762,0.0605067253112793,0.02176697985981642,tanh,0.0001,64,"(50, 50)",constant,60,adam,"{'activation': 'tanh', 'alpha': 0.0001, 'batch_size': 64, 'hidden_layer_sizes': (50, 50), 'learning_rate': 'constant', 'max_iter': 60, 'solver': 'adam'}",0.9987541057877449,0.9991505266734625,0.9989806320081549,0.9993770528938725,0.9990938438013253,0.999071232232912,0.00020450073395905408,63
25.571293544769286,7.0627830776806215,0.040264034271240236,0.0031728284349191917,tanh,0.0001,64,"(50, 50)",adaptive,90,adam,"{'activation': 'tanh', 'alpha': 0.0001, 'batch_size': 64, 'hidden_layer_sizes': (50, 50), 'learning_rate': 'adaptive', 'max_iter': 90, 'solver': 'adam'}",0.9987541057877449,0.9991505266734625,0.9989806320081549,0.9993770528938725,0.9990938438013253,0.999071232232912,0.00020450073395905408,63
28.467981386184693,6.761125510622807,0.05484552383422851,0.021515942758540987,tanh,0.0001,64,"(50, 50)",adaptive,60,adam,"{'activation': 'tanh', 'alpha': 0.0001, 'batch_size': 64, 'hidden_layer_sizes': (50, 50), 'learning_rate': 'adaptive', 'max_iter': 60, 'solver': 'adam'}",0.9987541057877449,0.9991505266734625,0.9989806320081549,0.9993770528938725,0.9990938438013253,0.999071232232912,0.00020450073395905408,63
26.0691987991333,6.246086284424422,0.03991899490356445,0.0009238892719745096,tanh,0.0001,64,"(50, 50)",constant,90,adam,"{'activation': 'tanh', 'alpha': 0.0001, 'batch_size': 64, 'hidden_layer_sizes': (50, 50), 'learning_rate': 'constant', 'max_iter': 90, 'solver': 'adam'}",0.9987541057877449,0.9991505266734625,0.9989806320081549,0.9993770528938725,0.9990938438013253,0.999071232232912,0.00020450073395905408,63
37.20476093292236,7.789662100394587,0.08904056549072266,0.009328912295955498,tanh,0.001,32,"(100,)",adaptive,30,adam,"{'activation': 'tanh', 'alpha': 0.001, 'batch_size': 32, 'hidden_layer_sizes': (100,), 'learning_rate': 'adaptive', 'max_iter': 30, 'solver': 'adam'}",0.9987541057877449,0.999207158228565,0.9988107373428474,0.999433684448975,0.9990938438013253,0.9990599059218915,0.0002522475417587685,67
26.966196489334106,5.696102492583825,0.074688720703125,0.006895878602375452,tanh,0.001,32,"(100,)",constant,30,adam,"{'activation': 'tanh', 'alpha': 0.001, 'batch_size': 32, 'hidden_layer_sizes': (100,), 'learning_rate': 'constant', 'max_iter': 30, 'solver': 'adam'}",0.9987541057877449,0.999207158228565,0.9988107373428474,0.999433684448975,0.9990938438013253,0.9990599059218915,0.0002522475417587685,67
57.00111980438233,9.07599189397453,0.1146937370300293,0.025467473284617678,relu,0.001,32,"(50, 50)",adaptive,30,adam,"{'activation': 'relu', 'alpha': 0.001, 'batch_size': 32, 'hidden_layer_sizes': (50, 50), 'learning_rate': 'adaptive', 'max_iter': 30, 'solver': 'adam'}",0.9986974742326424,0.99932042133877,0.9992637897836675,0.9989240004530524,0.9990938438013253,0.9990599059218915,0.0002282173161777233,67
57.44223346710205,3.8876950604110503,0.12409582138061523,0.05403406893509423,relu,0.001,32,"(50, 50)",constant,30,adam,"{'activation': 'relu', 'alpha': 0.001, 'batch_size': 32, 'hidden_layer_sizes': (50, 50), 'learning_rate': 'constant', 'max_iter': 30, 'solver': 'adam'}",0.9986974742326424,0.99932042133877,0.9992637897836675,0.9989240004530524,0.9990938438013253,0.9990599059218915,0.0002282173161777233,67
32.422601556777956,6.4048212827922395,0.18342652320861816,0.10268994565458514,relu,0.0001,64,"(50, 50)",constant,30,adam,"{'activation': 'relu', 'alpha': 0.0001, 'batch_size': 64, 'hidden_layer_sizes': (50, 50), 'learning_rate': 'constant', 'max_iter': 30, 'solver': 'adam'}",0.9989240004530524,0.9991505266734625,0.9994903160040775,0.9989240004530524,0.9988106699892394,0.9990599027145768,0.00024187769738315444,71
32.23683409690857,4.724477121756227,0.1283949851989746,0.05080161068677272,relu,0.0001,64,"(50, 50)",adaptive,30,adam,"{'activation': 'relu', 'alpha': 0.0001, 'batch_size': 64, 'hidden_layer_sizes': (50, 50), 'learning_rate': 'adaptive', 'max_iter': 30, 'solver': 'adam'}",0.9989240004530524,0.9991505266734625,0.9994903160040775,0.9989240004530524,0.9988106699892394,0.9990599027145768,0.00024187769738315444,71
53.79298210144043,10.41664682300775,0.05383872985839844,0.01531818742724509,tanh,0.0001,32,"(50, 50)",constant,90,adam,"{'activation': 'tanh', 'alpha': 0.0001, 'batch_size': 32, 'hidden_layer_sizes': (50, 50), 'learning_rate': 'constant', 'max_iter': 90, 'solver': 'adam'}",0.9986974742326424,0.9987541057877449,0.9991505266734625,0.9996035791142824,0.9990372090389081,0.999048578969408,0.0003251266711268668,73
51.059516763687135,10.586449181187778,0.04326295852661133,0.005473456871505926,tanh,0.0001,32,"(50, 50)",adaptive,60,adam,"{'activation': 'tanh', 'alpha': 0.0001, 'batch_size': 32, 'hidden_layer_sizes': (50, 50), 'learning_rate': 'adaptive', 'max_iter': 60, 'solver': 'adam'}",0.9986974742326424,0.9987541057877449,0.9991505266734625,0.9996035791142824,0.9990372090389081,0.999048578969408,0.0003251266711268668,73
51.74955039024353,7.871371719874495,0.05916872024536133,0.019943565746377772,tanh,0.0001,32,"(50, 50)",adaptive,90,adam,"{'activation': 'tanh', 'alpha': 0.0001, 'batch_size': 32, 'hidden_layer_sizes': (50, 50), 'learning_rate': 'adaptive', 'max_iter': 90, 'solver': 'adam'}",0.9986974742326424,0.9987541057877449,0.9991505266734625,0.9996035791142824,0.9990372090389081,0.999048578969408,0.0003251266711268668,73
51.381864881515504,11.887213013306129,0.05748796463012695,0.015091859190716544,tanh,0.0001,32,"(50, 50)",constant,60,adam,"{'activation': 'tanh', 'alpha': 0.0001, 'batch_size': 32, 'hidden_layer_sizes': (50, 50), 'learning_rate': 'constant', 'max_iter': 60, 'solver': 'adam'}",0.9986974742326424,0.9987541057877449,0.9991505266734625,0.9996035791142824,0.9990372090389081,0.999048578969408,0.0003251266711268668,73
36.26208853721619,3.175674287515487,0.055721473693847653,0.0256058675264981,tanh,0.0001,32,"(50, 50)",adaptive,30,adam,"{'activation': 'tanh', 'alpha': 0.0001, 'batch_size': 32, 'hidden_layer_sizes': (50, 50), 'learning_rate': 'adaptive', 'max_iter': 30, 'solver': 'adam'}",0.9987541057877449,0.999207158228565,0.9993770528938725,0.9991505266734625,0.9987540352268223,0.9990485757620935,0.0002517563527752954,77
38.56777963638306,3.5193787728462884,0.045890283584594724,0.006422523088501737,tanh,0.0001,32,"(50, 50)",constant,30,adam,"{'activation': 'tanh', 'alpha': 0.0001, 'batch_size': 32, 'hidden_layer_sizes': (50, 50), 'learning_rate': 'constant', 'max_iter': 30, 'solver': 'adam'}",0.9987541057877449,0.999207158228565,0.9993770528938725,0.9991505266734625,0.9987540352268223,0.9990485757620935,0.0002517563527752954,77
51.767238807678225,8.593525701963149,0.02388906478881836,0.006690005413197068,relu,0.0001,16,"(50,)",constant,30,adam,"{'activation': 'relu', 'alpha': 0.0001, 'batch_size': 16, 'hidden_layer_sizes': (50,), 'learning_rate': 'constant', 'max_iter': 30, 'solver': 'adam'}",0.9985842111224374,0.9991505266734625,0.9988107373428474,0.9991505266734625,0.9994902871382455,0.999037257790091,0.0003122364700867475,79
47.51877570152283,10.213158039003702,0.023599529266357423,0.009000045056009385,relu,0.0001,16,"(50,)",constant,60,adam,"{'activation': 'relu', 'alpha': 0.0001, 'batch_size': 16, 'hidden_layer_sizes': (50,), 'learning_rate': 'constant', 'max_iter': 60, 'solver': 'adam'}",0.9985842111224374,0.9991505266734625,0.9988107373428474,0.9991505266734625,0.9994902871382455,0.999037257790091,0.0003122364700867475,79
49.19567732810974,7.157710807755962,0.02938847541809082,0.010338947436953377,relu,0.0001,16,"(50,)",constant,90,adam,"{'activation': 'relu', 'alpha': 0.0001, 'batch_size': 16, 'hidden_layer_sizes': (50,), 'learning_rate': 'constant', 'max_iter': 90, 'solver': 'adam'}",0.9985842111224374,0.9991505266734625,0.9988107373428474,0.9991505266734625,0.9994902871382455,0.999037257790091,0.0003122364700867475,79
51.08499703407288,8.691932260086126,0.02670297622680664,0.013534039143297172,relu,0.0001,16,"(50,)",adaptive,30,adam,"{'activation': 'relu', 'alpha': 0.0001, 'batch_size': 16, 'hidden_layer_sizes': (50,), 'learning_rate': 'adaptive', 'max_iter': 30, 'solver': 'adam'}",0.9985842111224374,0.9991505266734625,0.9988107373428474,0.9991505266734625,0.9994902871382455,0.999037257790091,0.0003122364700867475,79
53.4301344871521,8.92268845492504,0.01901726722717285,0.00646731610262233,relu,0.0001,16,"(50,)",adaptive,60,adam,"{'activation': 'relu', 'alpha': 0.0001, 'batch_size': 16, 'hidden_layer_sizes': (50,), 'learning_rate': 'adaptive', 'max_iter': 60, 'solver': 'adam'}",0.9985842111224374,0.9991505266734625,0.9988107373428474,0.9991505266734625,0.9994902871382455,0.999037257790091,0.0003122364700867475,79
47.75019154548645,7.303878037578365,0.02071690559387207,0.008362809220110526,relu,0.0001,16,"(50,)",adaptive,90,adam,"{'activation': 'relu', 'alpha': 0.0001, 'batch_size': 16, 'hidden_layer_sizes': (50,), 'learning_rate': 'adaptive', 'max_iter': 90, 'solver': 'adam'}",0.9985842111224374,0.9991505266734625,0.9988107373428474,0.9991505266734625,0.9994902871382455,0.999037257790091,0.0003122364700867475,79
97.15622887611389,11.31420140781974,0.08876352310180664,0.006638781033101961,relu,0.0001,16,"(50, 50)",adaptive,30,adam,"{'activation': 'relu', 'alpha': 0.0001, 'batch_size': 16, 'hidden_layer_sizes': (50, 50), 'learning_rate': 'adaptive', 'max_iter': 30, 'solver': 'adam'}",0.9989240004530524,0.99932042133877,0.9991505266734625,0.9988673688979499,0.9988673047516565,0.9990259244229783,0.00018052296503727187,85
95.05128984451294,4.962386136663516,0.21846399307250977,0.1954267208274671,relu,0.0001,16,"(50, 50)",constant,30,adam,"{'activation': 'relu', 'alpha': 0.0001, 'batch_size': 16, 'hidden_layer_sizes': (50, 50), 'learning_rate': 'constant', 'max_iter': 30, 'solver': 'adam'}",0.9989240004530524,0.99932042133877,0.9991505266734625,0.9988673688979499,0.9988673047516565,0.9990259244229783,0.00018052296503727187,85
66.63185162544251,2.301637742769062,0.04998602867126465,0.017227799556473824,tanh,0.0001,16,"(50, 50)",constant,30,adam,"{'activation': 'tanh', 'alpha': 0.0001, 'batch_size': 16, 'hidden_layer_sizes': (50, 50), 'learning_rate': 'constant', 'max_iter': 30, 'solver': 'adam'}",0.9988107373428474,0.99932042133877,0.9991505266734625,0.9990372635632574,0.9988106699892394,0.9990259237815152,0.00019749566123652046,87
67.35506677627563,1.6127601934131952,0.04522871971130371,0.00571273840068512,tanh,0.0001,16,"(50, 50)",adaptive,30,adam,"{'activation': 'tanh', 'alpha': 0.0001, 'batch_size': 16, 'hidden_layer_sizes': (50, 50), 'learning_rate': 'adaptive', 'max_iter': 30, 'solver': 'adam'}",0.9988107373428474,0.99932042133877,0.9991505266734625,0.9990372635632574,0.9988106699892394,0.9990259237815152,0.00019749566123652046,87
21.968609380722047,3.302502998767504,0.08248786926269532,0.026699952496483458,tanh,0.0001,64,"(50, 50)",constant,30,adam,"{'activation': 'tanh', 'alpha': 0.0001, 'batch_size': 64, 'hidden_layer_sizes': (50, 50), 'learning_rate': 'constant', 'max_iter': 30, 'solver': 'adam'}",0.9987541057877449,0.999207158228565,0.9993770528938725,0.9989240004530524,0.9988106699892394,0.9990145974704948,0.00023920858406292013,89
21.59505167007446,2.6955537236242852,0.06052188873291016,0.03476766218784306,tanh,0.0001,64,"(50, 50)",adaptive,30,adam,"{'activation': 'tanh', 'alpha': 0.0001, 'batch_size': 64, 'hidden_layer_sizes': (50, 50), 'learning_rate': 'adaptive', 'max_iter': 30, 'solver': 'adam'}",0.9987541057877449,0.999207158228565,0.9993770528938725,0.9989240004530524,0.9988106699892394,0.9990145974704948,0.00023920858406292013,89
56.9817859172821,3.8435919187431766,0.07654795646667481,0.007210081649426403,tanh,0.001,32,"(50, 50)",adaptive,30,adam,"{'activation': 'tanh', 'alpha': 0.001, 'batch_size': 32, 'hidden_layer_sizes': (50, 50), 'learning_rate': 'adaptive', 'max_iter': 30, 'solver': 'adam'}",0.9986408426775399,0.9993770528938725,0.99932042133877,0.9989240004530524,0.9987540352268223,0.9990032705180114,0.0002966660818946838,91
57.00515999794006,2.7851950542975414,0.07903389930725098,0.008140927466016573,tanh,0.001,32,"(50, 50)",constant,30,adam,"{'activation': 'tanh', 'alpha': 0.001, 'batch_size': 32, 'hidden_layer_sizes': (50, 50), 'learning_rate': 'constant', 'max_iter': 30, 'solver': 'adam'}",0.9986408426775399,0.9993770528938725,0.99932042133877,0.9989240004530524,0.9987540352268223,0.9990032705180114,0.0002966660818946838,91
45.47047028541565,11.212552780166634,0.14224762916564943,0.08708410438763903,relu,0.0001,64,"(50, 50)",adaptive,90,adam,"{'activation': 'relu', 'alpha': 0.0001, 'batch_size': 64, 'hidden_layer_sizes': (50, 50), 'learning_rate': 'adaptive', 'max_iter': 90, 'solver': 'adam'}",0.9986974742326424,0.9990372635632574,0.9991505266734625,0.9989806320081549,0.9990938438013253,0.9989919480557685,0.0001577506270107073,93
42.13047924041748,7.407273439143151,0.0883303165435791,0.010567202923934402,relu,0.0001,64,"(50, 50)",adaptive,60,adam,"{'activation': 'relu', 'alpha': 0.0001, 'batch_size': 64, 'hidden_layer_sizes': (50, 50), 'learning_rate': 'adaptive', 'max_iter': 60, 'solver': 'adam'}",0.9986974742326424,0.9990372635632574,0.9991505266734625,0.9989806320081549,0.9990938438013253,0.9989919480557685,0.0001577506270107073,93
45.49721612930298,15.14678251466568,0.08533282279968261,0.006037432892049288,relu,0.0001,64,"(50, 50)",constant,60,adam,"{'activation': 'relu', 'alpha': 0.0001, 'batch_size': 64, 'hidden_layer_sizes': (50, 50), 'learning_rate': 'constant', 'max_iter': 60, 'solver': 'adam'}",0.9986974742326424,0.9990372635632574,0.9991505266734625,0.9989806320081549,0.9990938438013253,0.9989919480557685,0.0001577506270107073,93
39.50885710716248,9.91426425594115,0.11319990158081054,0.0472511639519143,relu,0.0001,64,"(50, 50)",constant,90,adam,"{'activation': 'relu', 'alpha': 0.0001, 'batch_size': 64, 'hidden_layer_sizes': (50, 50), 'learning_rate': 'constant', 'max_iter': 90, 'solver': 'adam'}",0.9986974742326424,0.9990372635632574,0.9991505266734625,0.9989806320081549,0.9990938438013253,0.9989919480557685,0.0001577506270107073,93
19.474225330352784,3.1126103361058357,0.027347040176391602,0.010707260072997722,tanh,0.0001,32,"(50,)",constant,60,adam,"{'activation': 'tanh', 'alpha': 0.0001, 'batch_size': 32, 'hidden_layer_sizes': (50,), 'learning_rate': 'constant', 'max_iter': 60, 'solver': 'adam'}",0.9988107373428474,0.999207158228565,0.9994903160040775,0.99909389511836,0.998357591889902,0.9989919397167505,0.00038479197009560334,97
19.02214460372925,2.52491944810997,0.025444746017456055,0.006181290647359773,tanh,0.0001,32,"(50,)",constant,90,adam,"{'activation': 'tanh', 'alpha': 0.0001, 'batch_size': 32, 'hidden_layer_sizes': (50,), 'learning_rate': 'constant', 'max_iter': 90, 'solver': 'adam'}",0.9988107373428474,0.999207158228565,0.9994903160040775,0.99909389511836,0.998357591889902,0.9989919397167505,0.00038479197009560334,97
19.560594367980958,3.8001494104309925,0.031013011932373047,0.012481804618713656,tanh,0.0001,32,"(50,)",adaptive,30,adam,"{'activation': 'tanh', 'alpha': 0.0001, 'batch_size': 32, 'hidden_layer_sizes': (50,), 'learning_rate': 'adaptive', 'max_iter': 30, 'solver': 'adam'}",0.9988107373428474,0.999207158228565,0.9994903160040775,0.99909389511836,0.998357591889902,0.9989919397167505,0.00038479197009560334,97
20.511582469940187,2.653083428477442,0.04341158866882324,0.015783541474271915,tanh,0.0001,32,"(50,)",adaptive,60,adam,"{'activation': 'tanh', 'alpha': 0.0001, 'batch_size': 32, 'hidden_layer_sizes': (50,), 'learning_rate': 'adaptive', 'max_iter': 60, 'solver': 'adam'}",0.9988107373428474,0.999207158228565,0.9994903160040775,0.99909389511836,0.998357591889902,0.9989919397167505,0.00038479197009560334,97
18.360491371154787,1.82139651548068,0.02225804328918457,0.0011799726125170675,tanh,0.0001,32,"(50,)",adaptive,90,adam,"{'activation': 'tanh', 'alpha': 0.0001, 'batch_size': 32, 'hidden_layer_sizes': (50,), 'learning_rate': 'adaptive', 'max_iter': 90, 'solver': 'adam'}",0.9988107373428474,0.999207158228565,0.9994903160040775,0.99909389511836,0.998357591889902,0.9989919397167505,0.00038479197009560334,97
19.078883600234985,2.284869310086784,0.029482460021972655,0.012668532868370781,tanh,0.0001,32,"(50,)",constant,30,adam,"{'activation': 'tanh', 'alpha': 0.0001, 'batch_size': 32, 'hidden_layer_sizes': (50,), 'learning_rate': 'constant', 'max_iter': 30, 'solver': 'adam'}",0.9988107373428474,0.999207158228565,0.9994903160040775,0.99909389511836,0.998357591889902,0.9989919397167505,0.00038479197009560334,97
16.83593487739563,1.8466935882501865,0.03886265754699707,0.0067223461184727,tanh,0.001,64,"(50,)",adaptive,60,adam,"{'activation': 'tanh', 'alpha': 0.001, 'batch_size': 64, 'hidden_layer_sizes': (50,), 'learning_rate': 'adaptive', 'max_iter': 60, 'solver': 'adam'}",0.9990372635632574,0.9990372635632574,0.99932042133877,0.9991505266734625,0.9983009571274849,0.9989692864532465,0.00034987128716124815,103
18.735535526275633,1.3600324423518495,0.04182920455932617,0.0008993605225915413,tanh,0.001,64,"(50,)",adaptive,30,adam,"{'activation': 'tanh', 'alpha': 0.001, 'batch_size': 64, 'hidden_layer_sizes': (50,), 'learning_rate': 'adaptive', 'max_iter': 30, 'solver': 'adam'}",0.9990372635632574,0.9990372635632574,0.99932042133877,0.9991505266734625,0.9983009571274849,0.9989692864532465,0.00034987128716124815,103
15.734297847747802,0.5982297029222666,0.04105806350708008,0.0040169580248394085,tanh,0.001,64,"(50,)",constant,90,adam,"{'activation': 'tanh', 'alpha': 0.001, 'batch_size': 64, 'hidden_layer_sizes': (50,), 'learning_rate': 'constant', 'max_iter': 90, 'solver': 'adam'}",0.9990372635632574,0.9990372635632574,0.99932042133877,0.9991505266734625,0.9983009571274849,0.9989692864532465,0.00034987128716124815,103
18.46154656410217,2.762575452152808,0.04505915641784668,0.007205248719855914,tanh,0.001,64,"(50,)",constant,60,adam,"{'activation': 'tanh', 'alpha': 0.001, 'batch_size': 64, 'hidden_layer_sizes': (50,), 'learning_rate': 'constant', 'max_iter': 60, 'solver': 'adam'}",0.9990372635632574,0.9990372635632574,0.99932042133877,0.9991505266734625,0.9983009571274849,0.9989692864532465,0.00034987128716124815,103
19.73687596321106,1.549233570220544,0.046295881271362305,0.005585289780235308,tanh,0.001,64,"(50,)",constant,30,adam,"{'activation': 'tanh', 'alpha': 0.001, 'batch_size': 64, 'hidden_layer_sizes': (50,), 'learning_rate': 'constant', 'max_iter': 30, 'solver': 'adam'}",0.9990372635632574,0.9990372635632574,0.99932042133877,0.9991505266734625,0.9983009571274849,0.9989692864532465,0.00034987128716124815,103
16.29513473510742,0.7741816672329256,0.04155354499816895,0.004466417103302663,tanh,0.001,64,"(50,)",adaptive,90,adam,"{'activation': 'tanh', 'alpha': 0.001, 'batch_size': 64, 'hidden_layer_sizes': (50,), 'learning_rate': 'adaptive', 'max_iter': 90, 'solver': 'adam'}",0.9990372635632574,0.9990372635632574,0.99932042133877,0.9991505266734625,0.9983009571274849,0.9989692864532465,0.00034987128716124815,103
18.281329584121703,2.081483913785435,0.02916436195373535,0.012983212229042218,tanh,0.001,32,"(50,)",constant,30,adam,"{'activation': 'tanh', 'alpha': 0.001, 'batch_size': 32, 'hidden_layer_sizes': (50,), 'learning_rate': 'constant', 'max_iter': 30, 'solver': 'adam'}",0.9988673688979499,0.9993770528938725,0.999433684448975,0.9989240004530524,0.9981310528402333,0.9989466319068165,0.0004678560518031259,109
18.199030876159668,2.6006671822800866,0.02647538185119629,0.007315954781501219,tanh,0.001,32,"(50,)",constant,90,adam,"{'activation': 'tanh', 'alpha': 0.001, 'batch_size': 32, 'hidden_layer_sizes': (50,), 'learning_rate': 'constant', 'max_iter': 90, 'solver': 'adam'}",0.9988673688979499,0.9993770528938725,0.999433684448975,0.9989240004530524,0.9981310528402333,0.9989466319068165,0.0004678560518031259,109
17.96371970176697,2.6324186246774754,0.03571262359619141,0.013885731594904029,tanh,0.001,32,"(50,)",adaptive,30,adam,"{'activation': 'tanh', 'alpha': 0.001, 'batch_size': 32, 'hidden_layer_sizes': (50,), 'learning_rate': 'adaptive', 'max_iter': 30, 'solver': 'adam'}",0.9988673688979499,0.9993770528938725,0.999433684448975,0.9989240004530524,0.9981310528402333,0.9989466319068165,0.0004678560518031259,109
17.081219100952147,1.4488614280880014,0.023978662490844727,0.0038609413607625224,tanh,0.001,32,"(50,)",adaptive,60,adam,"{'activation': 'tanh', 'alpha': 0.001, 'batch_size': 32, 'hidden_layer_sizes': (50,), 'learning_rate': 'adaptive', 'max_iter': 60, 'solver': 'adam'}",0.9988673688979499,0.9993770528938725,0.999433684448975,0.9989240004530524,0.9981310528402333,0.9989466319068165,0.0004678560518031259,109
17.017591190338134,0.9994648109018659,0.025894641876220703,0.0050981619599785605,tanh,0.001,32,"(50,)",adaptive,90,adam,"{'activation': 'tanh', 'alpha': 0.001, 'batch_size': 32, 'hidden_layer_sizes': (50,), 'learning_rate': 'adaptive', 'max_iter': 90, 'solver': 'adam'}",0.9988673688979499,0.9993770528938725,0.999433684448975,0.9989240004530524,0.9981310528402333,0.9989466319068165,0.0004678560518031259,109
17.7264506816864,3.0365412214221603,0.02295989990234375,0.0022799364320498124,tanh,0.001,32,"(50,)",constant,60,adam,"{'activation': 'tanh', 'alpha': 0.001, 'batch_size': 32, 'hidden_layer_sizes': (50,), 'learning_rate': 'constant', 'max_iter': 60, 'solver': 'adam'}",0.9988673688979499,0.9993770528938725,0.999433684448975,0.9989240004530524,0.9981310528402333,0.9989466319068165,0.0004678560518031259,109
57.47313270568848,5.8739245738345085,0.03558416366577148,0.01613881900705527,relu,0.0001,16,"(100,)",constant,30,adam,"{'activation': 'relu', 'alpha': 0.0001, 'batch_size': 16, 'hidden_layer_sizes': (100,), 'learning_rate': 'constant', 'max_iter': 30, 'solver': 'adam'}",0.99909389511836,0.9990372635632574,0.9988673688979499,0.9986974742326424,0.9989805742764909,0.99893531521774,0.0001405521035051388,115
44.31072192192077,2.962091462749302,0.02779378890991211,0.0029670992126802033,relu,0.0001,16,"(100,)",adaptive,30,adam,"{'activation': 'relu', 'alpha': 0.0001, 'batch_size': 16, 'hidden_layer_sizes': (100,), 'learning_rate': 'adaptive', 'max_iter': 30, 'solver': 'adam'}",0.99909389511836,0.9990372635632574,0.9988673688979499,0.9986974742326424,0.9989805742764909,0.99893531521774,0.0001405521035051388,115
33.2309241771698,8.07831759465786,0.07123031616210937,0.006502909540617741,tanh,0.001,32,"(100,)",constant,60,adam,"{'activation': 'tanh', 'alpha': 0.001, 'batch_size': 32, 'hidden_layer_sizes': (100,), 'learning_rate': 'constant', 'max_iter': 60, 'solver': 'adam'}",0.9987541057877449,0.998527579567335,0.9988107373428474,0.999433684448975,0.9990938438013253,0.9989239901896456,0.0003122392628071243,117
37.735865688323976,9.201312485983662,0.07607207298278809,0.004534363062107089,tanh,0.001,32,"(100,)",constant,90,adam,"{'activation': 'tanh', 'alpha': 0.001, 'batch_size': 32, 'hidden_layer_sizes': (100,), 'learning_rate': 'constant', 'max_iter': 90, 'solver': 'adam'}",0.9987541057877449,0.998527579567335,0.9988107373428474,0.999433684448975,0.9990938438013253,0.9989239901896456,0.0003122392628071243,117
41.00648484230042,7.9367626534410665,0.07926225662231445,0.006785718542429073,tanh,0.001,32,"(100,)",adaptive,60,adam,"{'activation': 'tanh', 'alpha': 0.001, 'batch_size': 32, 'hidden_layer_sizes': (100,), 'learning_rate': 'adaptive', 'max_iter': 60, 'solver': 'adam'}",0.9987541057877449,0.998527579567335,0.9988107373428474,0.999433684448975,0.9990938438013253,0.9989239901896456,0.0003122392628071243,117
38.92713904380798,9.750112471390464,0.06834707260131836,0.003379506193016752,tanh,0.001,32,"(100,)",adaptive,90,adam,"{'activation': 'tanh', 'alpha': 0.001, 'batch_size': 32, 'hidden_layer_sizes': (100,), 'learning_rate': 'adaptive', 'max_iter': 90, 'solver': 'adam'}",0.9987541057877449,0.998527579567335,0.9988107373428474,0.999433684448975,0.9990938438013253,0.9989239901896456,0.0003122392628071243,117
37.25373020172119,3.4770448568290173,0.03682875633239746,0.019897322089961037,tanh,0.0001,16,"(50,)",constant,30,adam,"{'activation': 'tanh', 'alpha': 0.0001, 'batch_size': 16, 'hidden_layer_sizes': (50,), 'learning_rate': 'constant', 'max_iter': 30, 'solver': 'adam'}",0.9984709480122325,0.9990372635632574,0.9995469475591799,0.99909389511836,0.9984708614147364,0.9989239831335534,0.0004099627610271446,121
32.26754302978516,1.6006222804564192,0.02870001792907715,0.006108665928227359,tanh,0.0001,16,"(50,)",adaptive,90,adam,"{'activation': 'tanh', 'alpha': 0.0001, 'batch_size': 16, 'hidden_layer_sizes': (50,), 'learning_rate': 'adaptive', 'max_iter': 90, 'solver': 'adam'}",0.9984709480122325,0.9990372635632574,0.9995469475591799,0.99909389511836,0.9984708614147364,0.9989239831335534,0.0004099627610271446,121
36.82020587921143,4.707177217992989,0.03146696090698242,0.012966380935599502,tanh,0.0001,16,"(50,)",adaptive,60,adam,"{'activation': 'tanh', 'alpha': 0.0001, 'batch_size': 16, 'hidden_layer_sizes': (50,), 'learning_rate': 'adaptive', 'max_iter': 60, 'solver': 'adam'}",0.9984709480122325,0.9990372635632574,0.9995469475591799,0.99909389511836,0.9984708614147364,0.9989239831335534,0.0004099627610271446,121
34.55136437416077,3.371327664503203,0.025511932373046876,0.006087020047261914,tanh,0.0001,16,"(50,)",adaptive,30,adam,"{'activation': 'tanh', 'alpha': 0.0001, 'batch_size': 16, 'hidden_layer_sizes': (50,), 'learning_rate': 'adaptive', 'max_iter': 30, 'solver': 'adam'}",0.9984709480122325,0.9990372635632574,0.9995469475591799,0.99909389511836,0.9984708614147364,0.9989239831335534,0.0004099627610271446,121
36.37214360237122,4.677794789885863,0.028402233123779298,0.012170470747366718,tanh,0.0001,16,"(50,)",constant,90,adam,"{'activation': 'tanh', 'alpha': 0.0001, 'batch_size': 16, 'hidden_layer_sizes': (50,), 'learning_rate': 'constant', 'max_iter': 90, 'solver': 'adam'}",0.9984709480122325,0.9990372635632574,0.9995469475591799,0.99909389511836,0.9984708614147364,0.9989239831335534,0.0004099627610271446,121
38.22906575202942,3.4231319146507873,0.03517746925354004,0.010124516959604176,tanh,0.0001,16,"(50,)",constant,60,adam,"{'activation': 'tanh', 'alpha': 0.0001, 'batch_size': 16, 'hidden_layer_sizes': (50,), 'learning_rate': 'constant', 'max_iter': 60, 'solver': 'adam'}",0.9984709480122325,0.9990372635632574,0.9995469475591799,0.99909389511836,0.9984708614147364,0.9989239831335534,0.0004099627610271446,121
21.57632393836975,2.5781818232221028,0.02337617874145508,0.002433539338054249,relu,0.0001,32,"(100,)",adaptive,30,adam,"{'activation': 'relu', 'alpha': 0.0001, 'batch_size': 32, 'hidden_layer_sizes': (100,), 'learning_rate': 'adaptive', 'max_iter': 30, 'solver': 'adam'}",0.9987541057877449,0.999207158228565,0.9988107373428474,0.9986974742326424,0.9990938438013253,0.998912663878625,0.00020069347630329249,127
20.468089151382447,2.154317142815648,0.021575307846069335,0.0009027314995584511,relu,0.0001,32,"(100,)",adaptive,60,adam,"{'activation': 'relu', 'alpha': 0.0001, 'batch_size': 32, 'hidden_layer_sizes': (100,), 'learning_rate': 'adaptive', 'max_iter': 60, 'solver': 'adam'}",0.9987541057877449,0.999207158228565,0.9988107373428474,0.9986974742326424,0.9990938438013253,0.998912663878625,0.00020069347630329249,127
21.302600193023682,1.5635236790773184,0.024058198928833006,0.0026788035776707485,relu,0.0001,32,"(100,)",adaptive,90,adam,"{'activation': 'relu', 'alpha': 0.0001, 'batch_size': 32, 'hidden_layer_sizes': (100,), 'learning_rate': 'adaptive', 'max_iter': 90, 'solver': 'adam'}",0.9987541057877449,0.999207158228565,0.9988107373428474,0.9986974742326424,0.9990938438013253,0.998912663878625,0.00020069347630329249,127
21.482308912277222,4.096675473181176,0.023424482345581053,0.002988826481470231,relu,0.0001,32,"(100,)",constant,30,adam,"{'activation': 'relu', 'alpha': 0.0001, 'batch_size': 32, 'hidden_layer_sizes': (100,), 'learning_rate': 'constant', 'max_iter': 30, 'solver': 'adam'}",0.9987541057877449,0.999207158228565,0.9988107373428474,0.9986974742326424,0.9990938438013253,0.998912663878625,0.00020069347630329249,127
20.11468563079834,2.671032222771437,0.02392754554748535,0.0018870889400937388,relu,0.0001,32,"(100,)",constant,90,adam,"{'activation': 'relu', 'alpha': 0.0001, 'batch_size': 32, 'hidden_layer_sizes': (100,), 'learning_rate': 'constant', 'max_iter': 90, 'solver': 'adam'}",0.9987541057877449,0.999207158228565,0.9988107373428474,0.9986974742326424,0.9990938438013253,0.998912663878625,0.00020069347630329249,127
21.788221836090088,1.1964427013202028,0.022948789596557616,0.002353843868083051,relu,0.0001,32,"(100,)",constant,60,adam,"{'activation': 'relu', 'alpha': 0.0001, 'batch_size': 32, 'hidden_layer_sizes': (100,), 'learning_rate': 'constant', 'max_iter': 60, 'solver': 'adam'}",0.9987541057877449,0.999207158228565,0.9988107373428474,0.9986974742326424,0.9990938438013253,0.998912663878625,0.00020069347630329249,127
43.712738847732545,4.877571664453741,0.09818024635314941,0.007398727633379505,relu,0.001,64,"(50, 50)",constant,60,adam,"{'activation': 'relu', 'alpha': 0.001, 'batch_size': 64, 'hidden_layer_sizes': (50, 50), 'learning_rate': 'constant', 'max_iter': 60, 'solver': 'adam'}",0.9984709480122325,0.9988107373428474,0.9988673688979499,0.9994903160040775,0.9989239395140738,0.9989126619542361,0.0003290479231263663,133
45.033352088928225,6.328203743353034,0.11662125587463379,0.04100408168151545,relu,0.001,64,"(50, 50)",constant,90,adam,"{'activation': 'relu', 'alpha': 0.001, 'batch_size': 64, 'hidden_layer_sizes': (50, 50), 'learning_rate': 'constant', 'max_iter': 90, 'solver': 'adam'}",0.9984709480122325,0.9988107373428474,0.9988673688979499,0.9994903160040775,0.9989239395140738,0.9989126619542361,0.0003290479231263663,133
33.79367685317993,2.3907110248357286,0.0610774040222168,0.008993666874383648,relu,0.001,64,"(50, 50)",adaptive,90,adam,"{'activation': 'relu', 'alpha': 0.001, 'batch_size': 64, 'hidden_layer_sizes': (50, 50), 'learning_rate': 'adaptive', 'max_iter': 90, 'solver': 'adam'}",0.9984709480122325,0.9988107373428474,0.9988673688979499,0.9994903160040775,0.9989239395140738,0.9989126619542361,0.0003290479231263663,133
39.82613444328308,4.93925417053286,0.09960837364196777,0.030252370799580545,relu,0.001,64,"(50, 50)",adaptive,60,adam,"{'activation': 'relu', 'alpha': 0.001, 'batch_size': 64, 'hidden_layer_sizes': (50, 50), 'learning_rate': 'adaptive', 'max_iter': 60, 'solver': 'adam'}",0.9984709480122325,0.9988107373428474,0.9988673688979499,0.9994903160040775,0.9989239395140738,0.9989126619542361,0.0003290479231263663,133
11.133612728118896,1.5358364540532792,0.015493679046630859,0.0011553066128656545,relu,0.001,64,"(50,)",constant,90,adam,"{'activation': 'relu', 'alpha': 0.001, 'batch_size': 64, 'hidden_layer_sizes': (50,), 'learning_rate': 'constant', 'max_iter': 90, 'solver': 'adam'}",0.9986974742326424,0.9991505266734625,0.9993770528938725,0.99909389511836,0.9981876876026505,0.9989013273041977,0.0004186490711255588,137
10.96044363975525,1.2653346794501754,0.016543769836425783,0.0026945653352602947,relu,0.001,64,"(50,)",constant,60,adam,"{'activation': 'relu', 'alpha': 0.001, 'batch_size': 64, 'hidden_layer_sizes': (50,), 'learning_rate': 'constant', 'max_iter': 60, 'solver': 'adam'}",0.9986974742326424,0.9991505266734625,0.9993770528938725,0.99909389511836,0.9981876876026505,0.9989013273041977,0.0004186490711255588,137
11.130270004272461,1.261134311241579,0.014022397994995116,0.0007903383275672416,relu,0.001,64,"(50,)",adaptive,60,adam,"{'activation': 'relu', 'alpha': 0.001, 'batch_size': 64, 'hidden_layer_sizes': (50,), 'learning_rate': 'adaptive', 'max_iter': 60, 'solver': 'adam'}",0.9986974742326424,0.9991505266734625,0.9993770528938725,0.99909389511836,0.9981876876026505,0.9989013273041977,0.0004186490711255588,137
11.20066032409668,1.16439357059796,0.015756988525390626,0.001253957348809362,relu,0.001,64,"(50,)",adaptive,90,adam,"{'activation': 'relu', 'alpha': 0.001, 'batch_size': 64, 'hidden_layer_sizes': (50,), 'learning_rate': 'adaptive', 'max_iter': 90, 'solver': 'adam'}",0.9986974742326424,0.9991505266734625,0.9993770528938725,0.99909389511836,0.9981876876026505,0.9989013273041977,0.0004186490711255588,137
16.71392688751221,1.3703443411229432,0.015071678161621093,0.0011234071277013828,relu,0.001,32,"(50,)",adaptive,90,adam,"{'activation': 'relu', 'alpha': 0.001, 'batch_size': 32, 'hidden_layer_sizes': (50,), 'learning_rate': 'adaptive', 'max_iter': 90, 'solver': 'adam'}",0.9989240004530524,0.999207158228565,0.999433684448975,0.9988673688979499,0.9980744180778162,0.9989013260212717,0.0004609517973921577,141
18.091319465637206,1.0344362818764303,0.016207790374755858,0.0046906442279618646,relu,0.001,32,"(50,)",constant,90,adam,"{'activation': 'relu', 'alpha': 0.001, 'batch_size': 32, 'hidden_layer_sizes': (50,), 'learning_rate': 'constant', 'max_iter': 90, 'solver': 'adam'}",0.9989240004530524,0.999207158228565,0.999433684448975,0.9988673688979499,0.9980744180778162,0.9989013260212717,0.0004609517973921577,141
17.469217681884764,1.4338664534261238,0.014445638656616211,0.001165482789340989,relu,0.001,32,"(50,)",adaptive,60,adam,"{'activation': 'relu', 'alpha': 0.001, 'batch_size': 32, 'hidden_layer_sizes': (50,), 'learning_rate': 'adaptive', 'max_iter': 60, 'solver': 'adam'}",0.9989240004530524,0.999207158228565,0.999433684448975,0.9988673688979499,0.9980744180778162,0.9989013260212717,0.0004609517973921577,141
17.60874800682068,1.837686603304733,0.015613603591918945,0.0015646828922927568,relu,0.001,32,"(50,)",constant,60,adam,"{'activation': 'relu', 'alpha': 0.001, 'batch_size': 32, 'hidden_layer_sizes': (50,), 'learning_rate': 'constant', 'max_iter': 60, 'solver': 'adam'}",0.9989240004530524,0.999207158228565,0.999433684448975,0.9988673688979499,0.9980744180778162,0.9989013260212717,0.0004609517973921577,141
18.03949999809265,1.091952906773148,0.014816665649414062,0.000750383677930139,relu,0.001,32,"(50,)",adaptive,30,adam,"{'activation': 'relu', 'alpha': 0.001, 'batch_size': 32, 'hidden_layer_sizes': (50,), 'learning_rate': 'adaptive', 'max_iter': 30, 'solver': 'adam'}",0.9989240004530524,0.999207158228565,0.999433684448975,0.9988673688979499,0.9980744180778162,0.9989013260212717,0.0004609517973921577,141
17.746717166900634,1.2264962727850288,0.015772008895874025,0.0019273599062910843,relu,0.001,32,"(50,)",constant,30,adam,"{'activation': 'relu', 'alpha': 0.001, 'batch_size': 32, 'hidden_layer_sizes': (50,), 'learning_rate': 'constant', 'max_iter': 30, 'solver': 'adam'}",0.9989240004530524,0.999207158228565,0.999433684448975,0.9988673688979499,0.9980744180778162,0.9989013260212717,0.0004609517973921577,141
86.18903884887695,11.342885591780172,0.12379508018493653,0.01663575793248612,relu,0.001,32,"(50, 50)",adaptive,90,adam,"{'activation': 'relu', 'alpha': 0.001, 'batch_size': 32, 'hidden_layer_sizes': (50, 50), 'learning_rate': 'adaptive', 'max_iter': 90, 'solver': 'adam'}",0.9985842111224374,0.9989240004530524,0.9992637897836675,0.9987541057877449,0.9988673047516565,0.9988786823797117,0.00022482150226335923,147
82.40163116455078,5.454786550893326,0.13528943061828613,0.05375489629597996,relu,0.001,32,"(50, 50)",adaptive,60,adam,"{'activation': 'relu', 'alpha': 0.001, 'batch_size': 32, 'hidden_layer_sizes': (50, 50), 'learning_rate': 'adaptive', 'max_iter': 60, 'solver': 'adam'}",0.9985842111224374,0.9989240004530524,0.9992637897836675,0.9987541057877449,0.9988673047516565,0.9988786823797117,0.00022482150226335923,147
91.94313802719117,9.583645972088334,0.21030840873718262,0.10865850555485541,relu,0.001,32,"(50, 50)",constant,90,adam,"{'activation': 'relu', 'alpha': 0.001, 'batch_size': 32, 'hidden_layer_sizes': (50, 50), 'learning_rate': 'constant', 'max_iter': 90, 'solver': 'adam'}",0.9985842111224374,0.9989240004530524,0.9992637897836675,0.9987541057877449,0.9988673047516565,0.9988786823797117,0.00022482150226335923,147
83.27137904167175,6.455343607638113,0.1748274326324463,0.06980477915302956,relu,0.001,32,"(50, 50)",constant,60,adam,"{'activation': 'relu', 'alpha': 0.001, 'batch_size': 32, 'hidden_layer_sizes': (50, 50), 'learning_rate': 'constant', 'max_iter': 60, 'solver': 'adam'}",0.9985842111224374,0.9989240004530524,0.9992637897836675,0.9987541057877449,0.9988673047516565,0.9988786823797117,0.00022482150226335923,147
212.38555545806884,58.105083572887985,0.19771838188171387,0.07269706709694522,relu,0.001,16,"(50, 50)",adaptive,90,adam,"{'activation': 'relu', 'alpha': 0.001, 'batch_size': 16, 'hidden_layer_sizes': (50, 50), 'learning_rate': 'adaptive', 'max_iter': 90, 'solver': 'adam'}",0.9986408426775399,0.9988107373428474,0.99932042133877,0.999207158228565,0.9984142266523192,0.9988786772480083,0.000340568074184728,151
212.43005533218383,65.2077702769965,0.21181964874267578,0.1013332171746145,relu,0.001,16,"(50, 50)",constant,90,adam,"{'activation': 'relu', 'alpha': 0.001, 'batch_size': 16, 'hidden_layer_sizes': (50, 50), 'learning_rate': 'constant', 'max_iter': 90, 'solver': 'adam'}",0.9986408426775399,0.9988107373428474,0.99932042133877,0.999207158228565,0.9984142266523192,0.9988786772480083,0.000340568074184728,151
94.44067091941834,13.817414578904078,0.053557205200195315,0.02663452825342074,tanh,0.0001,16,"(50, 50)",adaptive,60,adam,"{'activation': 'tanh', 'alpha': 0.0001, 'batch_size': 16, 'hidden_layer_sizes': (50, 50), 'learning_rate': 'adaptive', 'max_iter': 60, 'solver': 'adam'}",0.998527579567335,0.9988107373428474,0.99909389511836,0.9987541057877449,0.9991504785637424,0.998867359276006,0.00022932843927515588,153
91.93588004112243,14.45145018316202,0.04582400321960449,0.013669640644748177,tanh,0.0001,16,"(50, 50)",constant,90,adam,"{'activation': 'tanh', 'alpha': 0.0001, 'batch_size': 16, 'hidden_layer_sizes': (50, 50), 'learning_rate': 'constant', 'max_iter': 90, 'solver': 'adam'}",0.998527579567335,0.9988107373428474,0.99909389511836,0.9987541057877449,0.9991504785637424,0.998867359276006,0.00022932843927515588,153
95.4175320148468,16.77332935458528,0.0551243782043457,0.016209040483527684,tanh,0.0001,16,"(50, 50)",constant,60,adam,"{'activation': 'tanh', 'alpha': 0.0001, 'batch_size': 16, 'hidden_layer_sizes': (50, 50), 'learning_rate': 'constant', 'max_iter': 60, 'solver': 'adam'}",0.998527579567335,0.9988107373428474,0.99909389511836,0.9987541057877449,0.9991504785637424,0.998867359276006,0.00022932843927515588,153
95.45555710792542,11.918615146437714,0.04120960235595703,0.0018836833388226968,tanh,0.0001,16,"(50, 50)",adaptive,90,adam,"{'activation': 'tanh', 'alpha': 0.0001, 'batch_size': 16, 'hidden_layer_sizes': (50, 50), 'learning_rate': 'adaptive', 'max_iter': 90, 'solver': 'adam'}",0.998527579567335,0.9988107373428474,0.99909389511836,0.9987541057877449,0.9991504785637424,0.998867359276006,0.00022932843927515588,153
67.64565091133117,2.8061765099160065,0.06291084289550782,0.026465757170520885,tanh,0.001,16,"(50, 50)",adaptive,30,adam,"{'activation': 'tanh', 'alpha': 0.001, 'batch_size': 16, 'hidden_layer_sizes': (50, 50), 'learning_rate': 'adaptive', 'max_iter': 30, 'solver': 'adam'}",0.9983576849020274,0.9993770528938725,0.9990372635632574,0.9987541057877449,0.9988106699892394,0.9988673554272282,0.0003359949541805842,157
65.94371285438538,2.679166639629991,0.04584827423095703,0.014436130670178517,tanh,0.001,16,"(50, 50)",constant,30,adam,"{'activation': 'tanh', 'alpha': 0.001, 'batch_size': 16, 'hidden_layer_sizes': (50, 50), 'learning_rate': 'constant', 'max_iter': 30, 'solver': 'adam'}",0.9983576849020274,0.9993770528938725,0.9990372635632574,0.9987541057877449,0.9988106699892394,0.9988673554272282,0.0003359949541805842,157
9.838100099563599,1.0763985974541292,0.014683103561401368,0.0012645977346353854,relu,0.001,64,"(50,)",constant,30,adam,"{'activation': 'relu', 'alpha': 0.001, 'batch_size': 64, 'hidden_layer_sizes': (50,), 'learning_rate': 'constant', 'max_iter': 30, 'solver': 'adam'}",0.9986974742326424,0.9989806320081549,0.9993770528938725,0.99909389511836,0.9981876876026505,0.9988673483711361,0.00040367097858013036,159
10.872405624389648,1.0264981604025278,0.01610255241394043,0.0015713036679733533,relu,0.001,64,"(50,)",adaptive,30,adam,"{'activation': 'relu', 'alpha': 0.001, 'batch_size': 64, 'hidden_layer_sizes': (50,), 'learning_rate': 'adaptive', 'max_iter': 30, 'solver': 'adam'}",0.9986974742326424,0.9989806320081549,0.9993770528938725,0.99909389511836,0.9981876876026505,0.9988673483711361,0.00040367097858013036,159
41.23220558166504,4.277357839888949,0.054147958755493164,0.02222730350774081,tanh,0.0001,16,"(100,)",adaptive,30,adam,"{'activation': 'tanh', 'alpha': 0.0001, 'batch_size': 16, 'hidden_layer_sizes': (100,), 'learning_rate': 'adaptive', 'max_iter': 30, 'solver': 'adam'}",0.99932042133877,0.9989806320081549,0.9990372635632574,0.9986974742326424,0.9982443223650677,0.9988560227015786,0.0003642407835875329,161
44.25257821083069,5.501311971147479,0.07487702369689941,0.030698146071458658,tanh,0.0001,16,"(100,)",constant,30,adam,"{'activation': 'tanh', 'alpha': 0.0001, 'batch_size': 16, 'hidden_layer_sizes': (100,), 'learning_rate': 'constant', 'max_iter': 30, 'solver': 'adam'}",0.99932042133877,0.9989806320081549,0.9990372635632574,0.9986974742326424,0.9982443223650677,0.9988560227015786,0.0003642407835875329,161
210.13395824432374,59.4669978641197,0.17596330642700195,0.0352775238875543,relu,0.001,16,"(50, 50)",adaptive,60,adam,"{'activation': 'relu', 'alpha': 0.001, 'batch_size': 16, 'hidden_layer_sizes': (50, 50), 'learning_rate': 'adaptive', 'max_iter': 60, 'solver': 'adam'}",0.9986408426775399,0.9988107373428474,0.99932042133877,0.9990372635632574,0.9984142266523192,0.9988446983149467,0.0003134996303367131,163
197.36889386177063,39.325614278202586,0.20181946754455565,0.0218754009332927,relu,0.001,16,"(50, 50)",constant,60,adam,"{'activation': 'relu', 'alpha': 0.001, 'batch_size': 16, 'hidden_layer_sizes': (50, 50), 'learning_rate': 'constant', 'max_iter': 60, 'solver': 'adam'}",0.9986408426775399,0.9988107373428474,0.99932042133877,0.9990372635632574,0.9984142266523192,0.9988446983149467,0.0003134996303367131,163
44.25770535469055,3.5051012313450753,0.07484140396118164,0.007923296341208412,tanh,0.001,64,"(50, 50)",adaptive,90,adam,"{'activation': 'tanh', 'alpha': 0.001, 'batch_size': 64, 'hidden_layer_sizes': (50, 50), 'learning_rate': 'adaptive', 'max_iter': 90, 'solver': 'adam'}",0.9983576849020274,0.9985842111224374,0.9988673688979499,0.999207158228565,0.9990372090389081,0.9988107264379776,0.00030601200069758645,165
44.31425271034241,4.656230363441473,0.08043222427368164,0.004181123811385828,tanh,0.001,64,"(50, 50)",adaptive,60,adam,"{'activation': 'tanh', 'alpha': 0.001, 'batch_size': 64, 'hidden_layer_sizes': (50, 50), 'learning_rate': 'adaptive', 'max_iter': 60, 'solver': 'adam'}",0.9983576849020274,0.9985842111224374,0.9988673688979499,0.999207158228565,0.9990372090389081,0.9988107264379776,0.00030601200069758645,165
46.08642420768738,5.134217862263401,0.08223438262939453,0.004672138657022903,tanh,0.001,64,"(50, 50)",constant,90,adam,"{'activation': 'tanh', 'alpha': 0.001, 'batch_size': 64, 'hidden_layer_sizes': (50, 50), 'learning_rate': 'constant', 'max_iter': 90, 'solver': 'adam'}",0.9983576849020274,0.9985842111224374,0.9988673688979499,0.999207158228565,0.9990372090389081,0.9988107264379776,0.00030601200069758645,165
45.77356424331665,5.03571304994644,0.07570247650146485,0.0033977623437749533,tanh,0.001,64,"(50, 50)",constant,60,adam,"{'activation': 'tanh', 'alpha': 0.001, 'batch_size': 64, 'hidden_layer_sizes': (50, 50), 'learning_rate': 'constant', 'max_iter': 60, 'solver': 'adam'}",0.9983576849020274,0.9985842111224374,0.9988673688979499,0.999207158228565,0.9990372090389081,0.9988107264379776,0.00030601200069758645,165
116.80211954116821,14.277198460441358,0.20809454917907716,0.08044920381209891,relu,0.001,16,"(50, 50)",constant,30,adam,"{'activation': 'relu', 'alpha': 0.001, 'batch_size': 16, 'hidden_layer_sizes': (50, 50), 'learning_rate': 'constant', 'max_iter': 30, 'solver': 'adam'}",0.9984143164571299,0.9992637897836675,0.9990372635632574,0.9986974742326424,0.9986407657019879,0.9988107219477371,0.0003018075714570707,169
109.87858304977416,7.248770388524594,0.23314971923828126,0.11988497779840399,relu,0.001,16,"(50, 50)",adaptive,30,adam,"{'activation': 'relu', 'alpha': 0.001, 'batch_size': 16, 'hidden_layer_sizes': (50, 50), 'learning_rate': 'adaptive', 'max_iter': 30, 'solver': 'adam'}",0.9984143164571299,0.9992637897836675,0.9990372635632574,0.9986974742326424,0.9986407657019879,0.9988107219477371,0.0003018075714570707,169
42.69242491722107,5.564701896369844,0.043091440200805665,0.008594424270935685,tanh,0.0001,16,"(100,)",constant,60,adam,"{'activation': 'tanh', 'alpha': 0.0001, 'batch_size': 16, 'hidden_layer_sizes': (100,), 'learning_rate': 'constant', 'max_iter': 60, 'solver': 'adam'}",0.9991505266734625,0.9989806320081549,0.9989806320081549,0.9986974742326424,0.9982443223650677,0.9988107174574965,0.0003183833038992895,171
46.6116443157196,6.574745576216558,0.04839410781860352,0.015843807588242356,tanh,0.0001,16,"(100,)",constant,90,adam,"{'activation': 'tanh', 'alpha': 0.0001, 'batch_size': 16, 'hidden_layer_sizes': (100,), 'learning_rate': 'constant', 'max_iter': 90, 'solver': 'adam'}",0.9991505266734625,0.9989806320081549,0.9989806320081549,0.9986974742326424,0.9982443223650677,0.9988107174574965,0.0003183833038992895,171
45.4440836429596,6.250653256552771,0.03756527900695801,0.0013571847591271528,tanh,0.0001,16,"(100,)",adaptive,60,adam,"{'activation': 'tanh', 'alpha': 0.0001, 'batch_size': 16, 'hidden_layer_sizes': (100,), 'learning_rate': 'adaptive', 'max_iter': 60, 'solver': 'adam'}",0.9991505266734625,0.9989806320081549,0.9989806320081549,0.9986974742326424,0.9982443223650677,0.9988107174574965,0.0003183833038992895,171
43.580712985992434,9.48037821160962,0.05394892692565918,0.025827915734010325,tanh,0.0001,16,"(100,)",adaptive,90,adam,"{'activation': 'tanh', 'alpha': 0.0001, 'batch_size': 16, 'hidden_layer_sizes': (100,), 'learning_rate': 'adaptive', 'max_iter': 90, 'solver': 'adam'}",0.9991505266734625,0.9989806320081549,0.9989806320081549,0.9986974742326424,0.9982443223650677,0.9988107174574965,0.0003183833038992895,171
23.020713996887206,5.415501358826885,0.03723688125610351,0.014893349540426004,relu,0.001,32,"(100,)",adaptive,30,adam,"{'activation': 'relu', 'alpha': 0.001, 'batch_size': 32, 'hidden_layer_sizes': (100,), 'learning_rate': 'adaptive', 'max_iter': 30, 'solver': 'adam'}",0.9984143164571299,0.9990372635632574,0.9989240004530524,0.9986408426775399,0.9989805742764909,0.9987993994854941,0.00023594839502830655,175
22.028582763671874,5.581930292772826,0.034717369079589847,0.012574737509134128,relu,0.001,32,"(100,)",constant,30,adam,"{'activation': 'relu', 'alpha': 0.001, 'batch_size': 32, 'hidden_layer_sizes': (100,), 'learning_rate': 'constant', 'max_iter': 30, 'solver': 'adam'}",0.9984143164571299,0.9990372635632574,0.9989240004530524,0.9986408426775399,0.9989805742764909,0.9987993994854941,0.00023594839502830655,175
70.82617444992066,11.880533500434844,0.07548832893371582,0.001418129950368156,tanh,0.001,32,"(50, 50)",constant,60,adam,"{'activation': 'tanh', 'alpha': 0.001, 'batch_size': 32, 'hidden_layer_sizes': (50, 50), 'learning_rate': 'constant', 'max_iter': 60, 'solver': 'adam'}",0.9984709480122325,0.998527579567335,0.9991505266734625,0.99909389511836,0.9987540352268223,0.9987993969196424,0.0002806572051579604,177
67.27901563644409,10.870572666540834,0.08485550880432129,0.0042301654210980255,tanh,0.001,32,"(50, 50)",constant,90,adam,"{'activation': 'tanh', 'alpha': 0.001, 'batch_size': 32, 'hidden_layer_sizes': (50, 50), 'learning_rate': 'constant', 'max_iter': 90, 'solver': 'adam'}",0.9984709480122325,0.998527579567335,0.9991505266734625,0.99909389511836,0.9987540352268223,0.9987993969196424,0.0002806572051579604,177
69.58225560188293,6.8822076482868795,0.09393420219421386,0.01393471929296756,tanh,0.001,32,"(50, 50)",adaptive,60,adam,"{'activation': 'tanh', 'alpha': 0.001, 'batch_size': 32, 'hidden_layer_sizes': (50, 50), 'learning_rate': 'adaptive', 'max_iter': 60, 'solver': 'adam'}",0.9984709480122325,0.998527579567335,0.9991505266734625,0.99909389511836,0.9987540352268223,0.9987993969196424,0.0002806572051579604,177
71.31105937957764,9.459824737326938,0.07745075225830078,0.007580282694589507,tanh,0.001,32,"(50, 50)",adaptive,90,adam,"{'activation': 'tanh', 'alpha': 0.001, 'batch_size': 32, 'hidden_layer_sizes': (50, 50), 'learning_rate': 'adaptive', 'max_iter': 90, 'solver': 'adam'}",0.9984709480122325,0.998527579567335,0.9991505266734625,0.99909389511836,0.9987540352268223,0.9987993969196424,0.0002806572051579604,177
30.389081239700317,6.418589600533404,0.018029451370239258,0.005312830036721471,relu,0.001,16,"(50,)",constant,90,adam,"{'activation': 'relu', 'alpha': 0.001, 'batch_size': 16, 'hidden_layer_sizes': (50,), 'learning_rate': 'constant', 'max_iter': 90, 'solver': 'adam'}",0.9983010533469249,0.99932042133877,0.9989806320081549,0.99909389511836,0.9979611485529818,0.9987314300730382,0.0005136050956084437,181
31.456864643096925,5.803065199024589,0.021245384216308595,0.009193903188425055,relu,0.001,16,"(50,)",adaptive,30,adam,"{'activation': 'relu', 'alpha': 0.001, 'batch_size': 16, 'hidden_layer_sizes': (50,), 'learning_rate': 'adaptive', 'max_iter': 30, 'solver': 'adam'}",0.9983010533469249,0.99932042133877,0.9989806320081549,0.99909389511836,0.9979611485529818,0.9987314300730382,0.0005136050956084437,181
31.972760343551634,7.5481380026606,0.02387990951538086,0.00928816290536165,relu,0.001,16,"(50,)",adaptive,90,adam,"{'activation': 'relu', 'alpha': 0.001, 'batch_size': 16, 'hidden_layer_sizes': (50,), 'learning_rate': 'adaptive', 'max_iter': 90, 'solver': 'adam'}",0.9983010533469249,0.99932042133877,0.9989806320081549,0.99909389511836,0.9979611485529818,0.9987314300730382,0.0005136050956084437,181
31.209804630279542,6.389319892434883,0.017459583282470704,0.002049781203666099,relu,0.001,16,"(50,)",adaptive,60,adam,"{'activation': 'relu', 'alpha': 0.001, 'batch_size': 16, 'hidden_layer_sizes': (50,), 'learning_rate': 'adaptive', 'max_iter': 60, 'solver': 'adam'}",0.9983010533469249,0.99932042133877,0.9989806320081549,0.99909389511836,0.9979611485529818,0.9987314300730382,0.0005136050956084437,181
31.55698218345642,7.961274808514938,0.021983242034912108,0.009202182180753153,relu,0.001,16,"(50,)",constant,30,adam,"{'activation': 'relu', 'alpha': 0.001, 'batch_size': 16, 'hidden_layer_sizes': (50,), 'learning_rate': 'constant', 'max_iter': 30, 'solver': 'adam'}",0.9983010533469249,0.99932042133877,0.9989806320081549,0.99909389511836,0.9979611485529818,0.9987314300730382,0.0005136050956084437,181
30.988612174987793,6.931791710976351,0.018990612030029295,0.005201244590747521,relu,0.001,16,"(50,)",constant,60,adam,"{'activation': 'relu', 'alpha': 0.001, 'batch_size': 16, 'hidden_layer_sizes': (50,), 'learning_rate': 'constant', 'max_iter': 60, 'solver': 'adam'}",0.9983010533469249,0.99932042133877,0.9989806320081549,0.99909389511836,0.9979611485529818,0.9987314300730382,0.0005136050956084437,181
55.605265092849734,5.544408037145472,0.03276524543762207,0.008089348608574751,relu,0.0001,16,"(100,)",constant,60,adam,"{'activation': 'relu', 'alpha': 0.0001, 'batch_size': 16, 'hidden_layer_sizes': (100,), 'learning_rate': 'constant', 'max_iter': 60, 'solver': 'adam'}",0.9989806320081549,0.9990372635632574,0.9988673688979499,0.9986974742326424,0.9978478790281474,0.9986861235460305,0.0004348947305730368,187
45.98306279182434,5.373544044560627,0.028834438323974608,0.0032181999901000147,relu,0.0001,16,"(100,)",constant,90,adam,"{'activation': 'relu', 'alpha': 0.0001, 'batch_size': 16, 'hidden_layer_sizes': (100,), 'learning_rate': 'constant', 'max_iter': 90, 'solver': 'adam'}",0.9989806320081549,0.9990372635632574,0.9988673688979499,0.9986974742326424,0.9978478790281474,0.9986861235460305,0.0004348947305730368,187
45.21398105621338,5.927191302604063,0.028412866592407226,0.0024723316926081353,relu,0.0001,16,"(100,)",adaptive,60,adam,"{'activation': 'relu', 'alpha': 0.0001, 'batch_size': 16, 'hidden_layer_sizes': (100,), 'learning_rate': 'adaptive', 'max_iter': 60, 'solver': 'adam'}",0.9989806320081549,0.9990372635632574,0.9988673688979499,0.9986974742326424,0.9978478790281474,0.9986861235460305,0.0004348947305730368,187
44.68663954734802,4.188795519682207,0.03152446746826172,0.005572094896059996,relu,0.0001,16,"(100,)",adaptive,90,adam,"{'activation': 'relu', 'alpha': 0.0001, 'batch_size': 16, 'hidden_layer_sizes': (100,), 'learning_rate': 'adaptive', 'max_iter': 90, 'solver': 'adam'}",0.9989806320081549,0.9990372635632574,0.9988673688979499,0.9986974742326424,0.9978478790281474,0.9986861235460305,0.0004348947305730368,187
22.782415628433228,5.6887131626866685,0.03513150215148926,0.010534951960032261,relu,0.001,32,"(100,)",constant,60,adam,"{'activation': 'relu', 'alpha': 0.001, 'batch_size': 32, 'hidden_layer_sizes': (100,), 'learning_rate': 'constant', 'max_iter': 60, 'solver': 'adam'}",0.9984143164571299,0.9986974742326424,0.9989240004530524,0.9986408426775399,0.9984142266523192,0.9986181720945367,0.00019156441925269853,191
22.6301748752594,5.514838375906163,0.03239583969116211,0.01184076353817164,relu,0.001,32,"(100,)",constant,90,adam,"{'activation': 'relu', 'alpha': 0.001, 'batch_size': 32, 'hidden_layer_sizes': (100,), 'learning_rate': 'constant', 'max_iter': 90, 'solver': 'adam'}",0.9984143164571299,0.9986974742326424,0.9989240004530524,0.9986408426775399,0.9984142266523192,0.9986181720945367,0.00019156441925269853,191
22.92399969100952,7.100225665099783,0.033761215209960935,0.012296370228178644,relu,0.001,32,"(100,)",adaptive,60,adam,"{'activation': 'relu', 'alpha': 0.001, 'batch_size': 32, 'hidden_layer_sizes': (100,), 'learning_rate': 'adaptive', 'max_iter': 60, 'solver': 'adam'}",0.9984143164571299,0.9986974742326424,0.9989240004530524,0.9986408426775399,0.9984142266523192,0.9986181720945367,0.00019156441925269853,191
22.805695915222167,6.280828871598447,0.03294539451599121,0.010294697505485754,relu,0.001,32,"(100,)",adaptive,90,adam,"{'activation': 'relu', 'alpha': 0.001, 'batch_size': 32, 'hidden_layer_sizes': (100,), 'learning_rate': 'adaptive', 'max_iter': 90, 'solver': 'adam'}",0.9984143164571299,0.9986974742326424,0.9989240004530524,0.9986408426775399,0.9984142266523192,0.9986181720945367,0.00019156441925269853,191
28.596690273284914,4.427178075834955,0.03683958053588867,0.007999182682748483,tanh,0.001,16,"(50,)",adaptive,60,adam,"{'activation': 'tanh', 'alpha': 0.001, 'batch_size': 16, 'hidden_layer_sizes': (50,), 'learning_rate': 'adaptive', 'max_iter': 60, 'solver': 'adam'}",0.9982444217918224,0.99909389511836,0.9988673688979499,0.9985842111224374,0.9983009571274849,0.998618170811611,0.000325539372102781,195
27.979411458969118,4.775299081082721,0.024425029754638672,0.007328729313192124,tanh,0.001,16,"(50,)",constant,90,adam,"{'activation': 'tanh', 'alpha': 0.001, 'batch_size': 16, 'hidden_layer_sizes': (50,), 'learning_rate': 'constant', 'max_iter': 90, 'solver': 'adam'}",0.9982444217918224,0.99909389511836,0.9988673688979499,0.9985842111224374,0.9983009571274849,0.998618170811611,0.000325539372102781,195
28.029377889633178,6.053707394459723,0.022338056564331056,0.0016078514597241708,tanh,0.001,16,"(50,)",adaptive,30,adam,"{'activation': 'tanh', 'alpha': 0.001, 'batch_size': 16, 'hidden_layer_sizes': (50,), 'learning_rate': 'adaptive', 'max_iter': 30, 'solver': 'adam'}",0.9982444217918224,0.99909389511836,0.9988673688979499,0.9985842111224374,0.9983009571274849,0.998618170811611,0.000325539372102781,195
29.102561807632448,4.909209580632023,0.02857232093811035,0.012857262713198953,tanh,0.001,16,"(50,)",constant,60,adam,"{'activation': 'tanh', 'alpha': 0.001, 'batch_size': 16, 'hidden_layer_sizes': (50,), 'learning_rate': 'constant', 'max_iter': 60, 'solver': 'adam'}",0.9982444217918224,0.99909389511836,0.9988673688979499,0.9985842111224374,0.9983009571274849,0.998618170811611,0.000325539372102781,195
29.134203720092774,5.159294276305819,0.027402925491333007,0.012888761113976976,tanh,0.001,16,"(50,)",adaptive,90,adam,"{'activation': 'tanh', 'alpha': 0.001, 'batch_size': 16, 'hidden_layer_sizes': (50,), 'learning_rate': 'adaptive', 'max_iter': 90, 'solver': 'adam'}",0.9982444217918224,0.99909389511836,0.9988673688979499,0.9985842111224374,0.9983009571274849,0.998618170811611,0.000325539372102781,195
31.91256203651428,6.1510619442067735,0.03394837379455566,0.009917488229165114,tanh,0.001,16,"(50,)",constant,30,adam,"{'activation': 'tanh', 'alpha': 0.001, 'batch_size': 16, 'hidden_layer_sizes': (50,), 'learning_rate': 'constant', 'max_iter': 30, 'solver': 'adam'}",0.9982444217918224,0.99909389511836,0.9988673688979499,0.9985842111224374,0.9983009571274849,0.998618170811611,0.000325539372102781,195
91.64917674064637,11.511921018563989,0.04750337600708008,0.00767294824260804,tanh,0.001,16,"(50, 50)",adaptive,60,adam,"{'activation': 'tanh', 'alpha': 0.001, 'batch_size': 16, 'hidden_layer_sizes': (50, 50), 'learning_rate': 'adaptive', 'max_iter': 60, 'solver': 'adam'}",0.9986974742326424,0.9987541057877449,0.99909389511836,0.9979046324612074,0.9982443223650677,0.9985388859930044,0.00041678536263353337,201
91.18185958862304,10.354366967780724,0.0815779685974121,0.01352970689296132,tanh,0.001,16,"(50, 50)",adaptive,90,adam,"{'activation': 'tanh', 'alpha': 0.001, 'batch_size': 16, 'hidden_layer_sizes': (50, 50), 'learning_rate': 'adaptive', 'max_iter': 90, 'solver': 'adam'}",0.9986974742326424,0.9987541057877449,0.99909389511836,0.9979046324612074,0.9982443223650677,0.9985388859930044,0.00041678536263353337,201
93.53294048309326,7.810050461642673,0.06945691108703614,0.023819952152269362,tanh,0.001,16,"(50, 50)",constant,60,adam,"{'activation': 'tanh', 'alpha': 0.001, 'batch_size': 16, 'hidden_layer_sizes': (50, 50), 'learning_rate': 'constant', 'max_iter': 60, 'solver': 'adam'}",0.9986974742326424,0.9987541057877449,0.99909389511836,0.9979046324612074,0.9982443223650677,0.9985388859930044,0.00041678536263353337,201
91.76019835472107,9.770601775489418,0.06343340873718262,0.02164276121005816,tanh,0.001,16,"(50, 50)",constant,90,adam,"{'activation': 'tanh', 'alpha': 0.001, 'batch_size': 16, 'hidden_layer_sizes': (50, 50), 'learning_rate': 'constant', 'max_iter': 90, 'solver': 'adam'}",0.9986974742326424,0.9987541057877449,0.99909389511836,0.9979046324612074,0.9982443223650677,0.9985388859930044,0.00041678536263353337,201
45.216659259796145,7.745217056486609,0.10931587219238281,0.06837130783400339,relu,0.001,16,"(100,)",adaptive,30,adam,"{'activation': 'relu', 'alpha': 0.001, 'batch_size': 16, 'hidden_layer_sizes': (100,), 'learning_rate': 'adaptive', 'max_iter': 30, 'solver': 'adam'}",0.9981877902367199,0.998527579567335,0.998527579567335,0.9983010533469249,0.9985841309395707,0.998425626731577,0.00015362100887540055,205
43.93821167945862,8.515289727124536,0.09639034271240235,0.060466017658809816,relu,0.001,16,"(100,)",constant,30,adam,"{'activation': 'relu', 'alpha': 0.001, 'batch_size': 16, 'hidden_layer_sizes': (100,), 'learning_rate': 'constant', 'max_iter': 30, 'solver': 'adam'}",0.9981877902367199,0.998527579567335,0.998527579567335,0.9983010533469249,0.9985841309395707,0.998425626731577,0.00015362100887540055,205
44.199828910827634,6.496051440375223,0.11926054954528809,0.08109221033506872,relu,0.001,16,"(100,)",constant,60,adam,"{'activation': 'relu', 'alpha': 0.001, 'batch_size': 16, 'hidden_layer_sizes': (100,), 'learning_rate': 'constant', 'max_iter': 60, 'solver': 'adam'}",0.9981877902367199,0.998527579567335,0.998527579567335,0.9983010533469249,0.9985274961771535,0.9984142997790937,0.00014325457938024215,207
41.97010140419006,7.046405472086113,0.059336376190185544,0.010485360462740042,relu,0.001,16,"(100,)",adaptive,90,adam,"{'activation': 'relu', 'alpha': 0.001, 'batch_size': 16, 'hidden_layer_sizes': (100,), 'learning_rate': 'adaptive', 'max_iter': 90, 'solver': 'adam'}",0.9981877902367199,0.998527579567335,0.998527579567335,0.9983010533469249,0.9985274961771535,0.9984142997790937,0.00014325457938024215,207
44.52020835876465,7.648527940782511,0.1205472469329834,0.13360706657648236,relu,0.001,16,"(100,)",adaptive,60,adam,"{'activation': 'relu', 'alpha': 0.001, 'batch_size': 16, 'hidden_layer_sizes': (100,), 'learning_rate': 'adaptive', 'max_iter': 60, 'solver': 'adam'}",0.9981877902367199,0.998527579567335,0.998527579567335,0.9983010533469249,0.9985274961771535,0.9984142997790937,0.00014325457938024215,207
44.90580792427063,7.941959545186089,0.0555363655090332,0.007659116516137246,relu,0.001,16,"(100,)",constant,90,adam,"{'activation': 'relu', 'alpha': 0.001, 'batch_size': 16, 'hidden_layer_sizes': (100,), 'learning_rate': 'constant', 'max_iter': 90, 'solver': 'adam'}",0.9981877902367199,0.998527579567335,0.998527579567335,0.9983010533469249,0.9985274961771535,0.9984142997790937,0.00014325457938024215,207
40.34981770515442,6.3886591045570595,0.04712767601013183,0.012807436429664146,tanh,0.001,16,"(100,)",constant,60,adam,"{'activation': 'tanh', 'alpha': 0.001, 'batch_size': 16, 'hidden_layer_sizes': (100,), 'learning_rate': 'constant', 'max_iter': 60, 'solver': 'adam'}",0.9979612640163099,0.9983576849020274,0.9984709480122325,0.9985842111224374,0.9986407657019879,0.9984029747509989,0.0002413176605665401,211
42.20148105621338,4.714457755757504,0.04386582374572754,0.010723329011895058,tanh,0.001,16,"(100,)",adaptive,90,adam,"{'activation': 'tanh', 'alpha': 0.001, 'batch_size': 16, 'hidden_layer_sizes': (100,), 'learning_rate': 'adaptive', 'max_iter': 90, 'solver': 'adam'}",0.9979612640163099,0.9983576849020274,0.9984709480122325,0.9985842111224374,0.9986407657019879,0.9984029747509989,0.0002413176605665401,211
41.15582799911499,2.5023135541545742,0.04384770393371582,0.015131729720992675,tanh,0.001,16,"(100,)",adaptive,60,adam,"{'activation': 'tanh', 'alpha': 0.001, 'batch_size': 16, 'hidden_layer_sizes': (100,), 'learning_rate': 'adaptive', 'max_iter': 60, 'solver': 'adam'}",0.9979612640163099,0.9983576849020274,0.9984709480122325,0.9985842111224374,0.9986407657019879,0.9984029747509989,0.0002413176605665401,211
40.75603404045105,3.5031194135522794,0.05247488021850586,0.026306453518608663,tanh,0.001,16,"(100,)",constant,90,adam,"{'activation': 'tanh', 'alpha': 0.001, 'batch_size': 16, 'hidden_layer_sizes': (100,), 'learning_rate': 'constant', 'max_iter': 90, 'solver': 'adam'}",0.9979612640163099,0.9983576849020274,0.9984709480122325,0.9985842111224374,0.9986407657019879,0.9984029747509989,0.0002413176605665401,211
41.81282954216003,4.310246217824776,0.053646278381347653,0.025352977642885015,tanh,0.001,16,"(100,)",adaptive,30,adam,"{'activation': 'tanh', 'alpha': 0.001, 'batch_size': 16, 'hidden_layer_sizes': (100,), 'learning_rate': 'adaptive', 'max_iter': 30, 'solver': 'adam'}",0.9979612640163099,0.9983576849020274,0.9984709480122325,0.9985842111224374,0.9985274961771535,0.9983803208460321,0.00022251567075361485,215
41.5327006816864,1.0157603711080307,0.0540616512298584,0.024181385299041815,tanh,0.001,16,"(100,)",constant,30,adam,"{'activation': 'tanh', 'alpha': 0.001, 'batch_size': 16, 'hidden_layer_sizes': (100,), 'learning_rate': 'constant', 'max_iter': 30, 'solver': 'adam'}",0.9979612640163099,0.9983576849020274,0.9984709480122325,0.9985842111224374,0.9985274961771535,0.9983803208460321,0.00022251567075361485,215
